text_segment,calculated_level
這個小小的第三者，似乎一生下來就得到父母的鍾愛，在她噘著小嘴唇甜蜜睡覺的時候，在她睜開烏黑的眼睛凝視燈光的時候，在我們發現她臉上有顆小黑痣的時候，那種生活的溫馨！但是她也給我們帶來現實的生活問題。她的小被窩裡好像有一部小印刷機，印出一份一份淺黃深黃潮溼溫和的尿布。我們一份一份接下來，往臉盆裡扔。因此，阿釧的眉頭皺了，阿釧的胳臂酸了，阿釧的脾氣壞了。她的印刷機使我們的臨時佣人吃不消了。,2
我們的臥室開始有釘鎚的響聲，鐵絲安裝起來了，一道，兩道，三道，四道，五道，六道。她的尿布像一幅一幅雨中的軍旗，聲勢浩大的掛滿一屋。我們在尿布底下彎腰走路。鄰居的小女孩來拜訪新妹妹，一擡頭瞧見那空中的迷魂陣，就高興得忘了來我家的目的。書桌的領空也讓出去了，我這近視的寫稿人，常常一個標點點在水上，那就是頭上尿布的成績。一切都在改變，而且改變得那麼快。我們從前那種兩部車子出門，,2
兩部車子回家的公務員生活樂趣被破壞了，但是我們卻從另一方面得到了補償。我們可以捏捏嬰兒的小手，像跟童話裡的仙子寒暄，可以撫摸她細柔漆黑的髮絲，可以看她在澡盆裡踩水像一個小青蛙，可以在她身上聞到嬰兒所專有的奶香味，在她那一張甜美的小臉兒前面，誰還去回憶從前的舊樂趣？這小嬰兒會打鼾，小嗓子眼兒裡咕嚕咕嚕響。她吃足了奶會打嗝，會伸個懶腰打呵欠，還會打噴嚏。我們放在床頭的育嬰書上說這一切都是正常的。,2
我們享受她給我們的一切聲音，這聲音使我們的房間格外溫暖。我們偷看她安靜時候臉上的表情，這表情沒有一絲愁苦的樣子。她佔用我們的半張床，但是我們多麼願意退讓。她使我們半夜失眠，日間疲憊不堪。我們卻覺得這是人間最快樂的痛苦，最甜蜜的折磨，但願不分晝夜，永遠緊擁她在懷裡！窗外冷風淒淒，雨聲淅瀝，世界是這麼潮溼陰冷，我們曾經苦苦的盼望著太陽。但是現在，我們忘了窗外的世界，因為我們有我們自己的小太陽了。,2
小太陽不怕天上雲朵的遮掩，小太陽能透過雨絲，透過尿布的迷魂陣，透過愁苦靈魂堅硬的外殻，暖烘烘照射著我們的心。我多麼願意這麼說：我們的小太陽不是我們生活的負擔，她是我們人生途中第一個最惹人喜愛的友伴！,2
對於一年生的草本植物而言，秋天是全力盛裝正視死亡的美麗季節。秋天的雲最短暫，秋天的欲望最少，秋天最接近死亡，秋天是生命覺醒和改變的最佳季節；所以秋天一點也不憂鬰，秋天無歡亦無悲，清明爽朗。秋天的聲音細緻內歛，難以傾聽。漢人曆法中九月是秋天的開端，正是西南海岸的平埔族釋放向魂的開向祭舉行之際；所謂向魂指的是大地上一切的魂靈。西拉雅人以月亮的陰晴圓缺謹記奉祀祖先阿立的儀式要月月遵行，永傳後世。,3
西拉雅人以身體髮膚的感受和眼觀萬物遞嬗輪替來判斷節氣與四季的律動。因此安慰向魂的祭典舉行之際，雖已是漢人曆法中白露之後，霜降之前的秋分，在古稱倒風內海的西南海岸野原上仍是獵鹿人赤身裸體的夏季，暑氣依舊逼人。只有敏感的伊尼卜司（女巫）必細心注意節氣的變化，在早晨的露水漸漸增多轉寒之後，直到降霜於田野之前的那段陰晴圓缺，便是決定安慰向魂的時機了。記得將壼中鎮壓向魂的伊尼青葉（澤蘭）從向水裡拿開，,3
釋放被禁閉整個春夏的魂靈們回到世間優游。魂靈們在秋天群起回到世間優游的聲音我們聽不見，那是生命死亡後的聲音。生命發生的聲音有些是聽不見卻看得見的，某些聲音可以在心中滋長，甚至變得很喧囂，耳畔卻沒有任何聲響；只有西拉雅的女巫聽得見向魂渴望秋天的聲音吧！相信魂靈們繼續在世間遊蕩的聲音從來不曾離去，西拉雅人於田野上響起的賽戲祭歌在秋天卻逐漸消失了！,2
我們在臺灣古文獻上聽見的獵鹿人奔馳在疏林草原的聲音已成絕響！看見的秋日祭歌已經不在公廨廣場上回盪悠揚！西拉雅人知道，秋日草野的氣息真正來臨是從霜降之後，粟米成熟的那個月圓之夜；在那一夜要舉行祖先阿立誕辰的狂歡夜祭；粟米總在夏天拼命成長，秋天收成。從夜祭之後便是真正的秋天了！那是漢人曆法小雪以後的十月十五日，草木開始枯黃蕭瑟，鹿群必須集體遷移南下，尋找尚未枯死的青草與耐寒的新葉，也是獵人們群集出動，,3
在草野上圍獵鹿群的時節。那是四百年前的秋天臺灣原野典型的聲音：鹿群踏動大地，獵人放火燎原。野火吞沒枯黃草木的猛暴巨響，已經驅趕驚惶奔走的鹿群從草原深處竄出，迎面撞上狂呼吶喊，手持標槍的獵人許多世代了；數百年前秋天原野上的生態一直維持如此生與死的平衡；草原靠大火重生，卸去枯死的屍體，待明年春雨後新生，鹿群需要新生的草原，而放火的獵人需要繁衍不斷的鹿群；直到漢人入侵將疏林草原開墾，,3
這些聲音變得久遠而不再響起。,3
"春節
「春節」一般俗稱為「新年」或「過年」。春節以農曆正月初一到初五這段期間最能感受到濃厚的年節氣氛。農曆12月最後1日除夕夜闔家會一起「圍爐」吃年夜飯，有幾樣菜是必吃的，如「長年菜」代表長壽、「菜頭」代表好彩頭、「魚」代表年年有餘、「鳳梨」代表好運旺來。吃完年夜飯後，長輩會發給小朋友紅包袋（壓歲錢），討吉利、祈求平安的意思。「守歲」在民間含有祈求父母長壽之意，通常從家人齊聚吃年夜飯開始，",3
直至午夜12點一到，燃放鞭炮歡慶新年到來，對過去一年的感懷及對未來一年新的期望。除此之外，春節的習俗還包括大年初一拜年、初二已出嫁的女兒回娘家、初四迎財神、初五開市、初九拜天公（玉皇大帝）等。,3
不再想著電視上的頑皮豹，尾巴為何那麼長？那隻大笨貓，為何老是捉不著小老鼠？不再用童話故事堆砌成一座城堡，日日耽心王子會娶別人；也不再苦惱那枚紅蘋果會不會有毒。不再推著糖菓車遊行，不再妄想乘坐風箏飛上天，更不會再要小狗叫我媽咪，不再偷吃口紅，亂綑領帶——只要我長大。只要我長大，我會大口大口地吞飯，不再拿去塗牆造屋，還餵蜘蛛；只要我長大，絕不率兵進攻螞蟻窩，生擒女王蜂；只要我長大，,3
一定會把蚊子驅逐出境，不請它們到家裏來睡覺；只要我長大，再也不把魚缸裏的小蝌蚪當作海豚般訓練；只要我長大，絕不再到澡缸裏游泳；只要我長大，不會再要求大老鷹載我翱翔蒼穹。媽媽說：長大了才可以穿高根鞋，當新娘子；爸爸說：長大了才可以開跑車、喝酒；奶奶說：長大了才可以賺錢，一個人睡覺；公公說：長大了才可以到國外唸書，並且有身份證；老師說：長大了才有力量去打共匪回大陸。所以我要快快地長大。,2
可是我為什麼還沒有完全長大呢？過去像一段繽紛、無邪的電影，來不及看清楚，就給膠卷一卷卷地捲走，曾經，我握著大把大把的爆玉米花，也想跟別人肩比肩排隊看電影，可是他們卻說：小孩子看不懂啊！偶而我也想發表一些感言，大人們卻說：小孩子不要插嘴。哎！上帝！上帝！如果您有知，保佑我快長大。只要我長大，就可以明瞭蒼穹之下，人心不平的原因；只要我長大，不但能控制我的眼淚，還能知道在挑戰中不要輕言投降；只要我長大，,2
我人生的路，就能超越逝去的時光，飛躍到永恆。只要我長大，不管遭受到光陰如何的暗蝕，明天我還是要繼續成長。,3
"客家節慶
客家桐花祭
每年春夏交替之際，臺灣彰化以北山區、東部的花蓮、臺東，到處都可以欣賞到油桐花滿山遍布的雪白美景，尤其是桃園、新竹、苗栗一帶客家庄，四、五月更是白雪紛飛，形成臺灣最美的風景。桐花祭以雪白桐花為意象，傳遞客家人敬天地、重山林之傳統，更以桐花、山林之美為表，客家文化、歷史人文為核心，展現客家絕代風華。油桐強韌的生命力，恰如節儉且堅毅的客家人。每年桐花祭期間，",3
處處可見全家悠遊賞桐花的歡樂畫面。,4
"芋圓
臺中市大甲區和高雄市甲仙區所出產的檳榔心芋是臺灣最著名的芋頭。大甲區的芋頭質鬆、味香，有彈性；甲仙區的芋頭含水份低、凝粉質較高，吃起來鬆脆爽口。除了作成鹹食外，芋頭也經常被作成糕餅點心，芋圓就是臺灣常見的小吃甜點。",2
"﻿我撥了撥哥哥的尾巴，傍晚橘黃色的夕陽穿過樹洞的縫隙，照在黃黑相間的尾巴上，真
美。「哥哥起床啦，我肚子餓了。」我愛吃小田鼠或青蛙，哥哥喜歡魚或是鴿子。
「走，我們邊走邊看。」哥哥一邊說，一邊敏捷的鑽出樹洞，朝山坡跑過去，我趕緊跟上去。跑哇跑，經過竹林，穿過田野，路過農舍，一不小心，我差點撞上突然停下來的哥哥。原本起起伏伏、蒼翠的山坡，出現了一條筆直的灰色區塊。忽然，一道巨大的黑影閃過眼前，",3
"我嚇得往後跳，這是什麼？竟然跑得比哥哥還快。「妹妹，你在這裡等我，我去找食物給你吃。」哥哥頭也不回的向前跑，消失在黑暗中。
不知道過了多久，我環顧四周，黑夜來臨，連星星都黯淡無光。咕嚕咕嚕，肚子又叫了。哥哥到哪去了？我仔細的跟著哥哥的腳印，來到一戶農舍。
這時，傳來一陣人們的驚呼，農舍主人抱出一個籠子。是哥哥！一群人圍著主人。原來哥哥是因為迷路，而被農舍主人帶回去了。我偷偷的跟著，那群人到了溪邊，",2
"檢查哥哥有沒有受傷，並給哥哥吃小老鼠跟魚，就放走他了。
「哥，我們回家吧！」我悄悄的說。哥哥又驚又喜的看著我，帶我快步穿越長長的通道，回到我們住的樹洞。哥哥告訴我，那群人說：「石虎和我們一樣，都是大自然的孩子。」這句話到現在還一直迴盪在我的耳邊……。",2
"﻿我總以為，從臺北前往花蓮的鐵路，是我生平中所見過最美麗的一段鐵路。
在短短兩、三個小時的車程裡，這段鐵路不但歷經了現代化的大城市、山中的市鎮、沿海的小
城，還穿越了雄偉壯麗的山脈，更擁著一望無際的藍色太平洋一路隨行。每當我一搭上東海岸火車，隨著窗外景色的變化，我的心情便忍不住明亮而輕鬆起來。
火車一離開松山站，漸漸告別了城市中密密麻麻的樓房，進入東北角一帶的山巒。我特別喜歡這一帶的小火車站，",3
"它們距離城市並不遠，卻因地形的天然屏障，全無一點喧鬧氣味，總是靜靜的沉睡在山谷之間。火車行經瑞芳、猴硐、三貂嶺、牡丹、雙溪……這些古意的站名，散發出歷史悠久的神祕感。
順著鐵路線，火車穿越東北角山區，我不僅喜愛沿途的自然美景，更愛它散發出來的生活氣息。山谷處，少少的屋舍簇擁在一起，屋外環繞著一塊塊菜圃、果園、絲瓜藤架，白鷺鷥成群停在田地中央，張開翅膀，以不疾不徐的姿態，翱翔在半空之中。",3
"這裡的一切人、事與景物，都是如此的寧靜與和諧。
火車再繼續前行，過了福隆站，一望無際的太平洋乍現在眼前。那鐵軌距離大海如此之近，人坐在車裡，可以呼吸到海洋新鮮的氣息。再往前行，過了宜蘭、蘇澳，一出隧道口，陽光便會嘩的一聲潑灑撒下來，一瞬間，夏天的蔚藍海洋迎面而來，綻放出閃耀的金光。花蓮的太平洋彷彿都是夏天的，白色的海浪捲動著光潔的鵝卵石，發出了嘩啦啦的聲響，讓人想起了孩子們天真的歡唱。
來到花蓮，",3
"不僅海洋壯闊、澎湃，就連山巒，也展現出中央山脈雄偉的氣勢。我往往得仰起脖子，將臉貼到火車窗戶的玻璃上，才能夠看見山壁的頂端。左邊是海，右邊是山，這是一條被山與海所護衛著的鐵道。而雲霧從山腰之處緩緩升起，或是從空中緩緩飄降，最後停在半山腰上。
曾經，我躺在七星潭的海灘，望向清水斷崖，頭頂上方是藍到發白的天空，而花蓮的軍用機場就在不遠處。天空中，偶爾有戰鬥機起降，當機身緊貼著海水上方掠過之時，",3
"整個空氣都為之轟隆震動，朝向四面八方碎裂開來，我閉著眼睛，感受身體在山與海的交響之下也隨之顫抖。
當太陽落下，天色漸漸昏暗，黑夜悄悄的覆蓋了大地，月亮高掛在空中，在太平洋上形成了一道潔白的光帶。火車仍不止息的在山與海的中間追逐著，低吟著，日以繼夜，夜以繼日，就在島嶼邊緣的一條最美麗的鐵路之上。",3
"﻿有了父親的肯定，王獻之更加努力練習，但是寫來寫去，卻好像有一面牆擋在前頭，沒什麼進步。
這一天，王獻之跑去問父親，想把字練好，是不是有什麼祕訣？王羲之笑了笑，指著屋外的十八口水缸說：「祕訣藏在裡頭，你把水寫完就知道了。」
為了找出寫字的祕訣，王獻之早也練，晚也練，不管是橫、豎、點……每個字的筆畫，他都用心的學習。寫了兩年後，他把字拿給母親看，母親說：「有點樣子了。」
寫了兩年才有點樣子？",2
"王獻之不服氣，埋頭再練兩年。兩年下來，他覺得自己的字已經寫得和父親一模一樣。他感到非常興奮，於是把最得意的一疊字捧給母親看。母親把那些字一張張看過，最後將視線停在一個字上：「『太』字底下的這一點，倒是有你父親寫字的味道了。」
「那一點啊……。」王獻之好難過。
「怎麼了？」
「剛才我寫字時，父親走進來，發現我的『大』字沒寫好，所以示範加了那一點。」
王獻之服氣了，下定決心苦練書法。幾年後，",2
"大家都讚美他寫的字和父親一樣好，還問他：「你是怎麼做到的呢？」
「等你們寫完十八缸水就知道了。」王獻之微微笑。",2
那天在外婆盛大的生日宴上，聚集在一塊兒的親朋好友，天南地北地閒聊著，每個人都是口沫橫飛，誰也顧不得別人。美味可口的佳餚，一道一道地端上來，又原封不動地端了回去。我正百般無奈地，瞪視著一張張因誇張而扭曲的臉孔，敲弄著桌前的湯匙，這單調的碰擊聲，卻似乎成了這屋裏唯一有規律的節奏；忽見兩條身影，極為困難地鑽過人潮，氣吁吁地站在我面前——六歲的表妹和五歲的表弟。表妹遞給我一張不知由那兒撿來的紙，,3
用她小女孩嬌憨的聲音在我耳邊說：姊，幫我疊一架飛機好不好？弟弟說他會開飛機，他要帶我去看可以變成冰淇淋樣的白雲，還有小雨的家！多可愛的話語啊！他們渾然不覺身旁的吵鬧，能在一個喧嘩的環境中，尋到屬於自己的小世界，任思想遨遊於時空。當我把飛機給她時，她帶著它又飛快地鑽走了，再一次擠過那擁擠的人群，彷彿真的到那澄藍的天際翱翔去了。我仍一個人坐在那兒，眼前依然呈現著人潮洶湧的盛況，但我的心，,2
卻因剛才那一幕，而泛起一陣柔柔甜甜的暖意。其實，人的本性都是善良而純真的，卻因長年身在世俗之中，缺乏定力，總是失去了昔日的歡笑，代之的，是一份無奈的世故。因此，再也沒有人會為路旁的小花歌詠和讚嘆，再也沒有人願意誠心去愛與關懷。世界，終將失去原有的單純與可愛，絢爛的光彩，亦終將消逝於混濁的天空。多可悲的笑話啊！怪的是：這笑話竟流行於整個宇宙，並且，正熱烈在上映之中。其實，朋友！只要你願意，,3
願意以童稚來裝扮自己，那，世界依舊是燦爛美麗的，天空依舊是晴朗光明的。,3
我是雨水，今年春天，我來到人間很久，我知道很多小朋友看到我就很頭痛；但是等我來了，那大自然的面貌才會更清新，草木的生長才會更繁茂，而且農田裏的稻子才會不缺水。我知道雨天小朋友都要穿雨衣，或者打雨傘，走路或者坐公車都不方便，甚至有些沒公德心的機車騎士還會濺得小朋友一身泥水，所以不免有很多小朋友會說：可惡的雨！為什麼還不停呢？我看得出來你們生氣而沒有笑容的臉，我的心裏也很難過，,2
然而這是受氣候影響的關係。我希望帶給人間的是活力和歡笑。所以你們遠足的時候，我不去找你們。你們上體育課的時候，我只會偷偷的躲在烏雲背後。有時候，我突然的在下課時出現了，你們卻會快樂的大叫：下雨了，下雨了！有的小朋友還會跑到大操場上說：我不怕雨。那時候的我感到真驕傲，我就輕輕的落在你們的髮上、臉上、衣服上，再悄悄的跟隨你們回家。沒有入學的小弟弟、小妹妹同樣喜歡我，他們打着大人用的傘，,2
穿着大人穿的雨鞋，走到雨裏說：天天下雨多麼好玩呀！我當然跟所有的小朋友有友誼，但卻不喜歡小朋友淋成落湯雞，如果生了病，不能上課，那就很可惜了。坐公車的時候，又潮濕又窒悶，大家關起窗子來防我，連可愛的微風也不要了，我知道你回家以後，鞋子一定溼了，雙腳浸了水很不舒服，而媽媽也會苦着臉說：明天要穿什麼鞋子呢？其實媽媽還有很多的苦惱和埋怨，你們換洗的內衣和制服也不容易乾啊！等到第二天，,2
你們又在教室的走廊看到我了。你們的眼裏充滿着敵意。操場上是一片汪汪的積水，靜靜的；沒人去上面奔跑、跳躍。小朋友！我只能說：請你們留在教室多看一點課外書，或者和同學談談生活裏的事，要不然找一角踢踢毽子，儘量保持衣服的乾燥。我畢竟是要離開的；你們不要煩，聽說出外旅遊的陽光快要回來了，你們等着迎接它吧！在我沒走之前，也希望你們發現我沖走生活環境中不少的污穢；而不久，卻會帶給你們一個美麗煥發的校園。,2
晴天和陰天是兩個不同的世界：一個撲上了陽光的金粉，燦盈盈的，充滿了笑意；另一個則因為失去了這種恩賜而黯淡無光。天地也是需要粧扮的，真正美麗的事物總平添一份輕快自信，而除了陽光，誰能有這份能力，為天地間一切敷上一層自然薄細的彩飾呢？陽光之所以成為最好、最偉大的化粧師，是因為它總隨身攜帶一個金粉圓盒，裡面盛裝著最華麗神奇的金粉。在每一個晴天，它便多情地旋開盒蓋，捻起粉撲，東邊沾沾，西邊抹抹；,3
把雲影梳理成最柔軟潔淨的白，把草坪打點成最舒適搶眼的綠，甚至連最陰暗狹窄的陋巷死角，也都因為它的殷殷照拂，而開始透露出一點生機。於是，在有陽光的日子，當你走出家門，心情開朗成天空那樣深邃透明的水藍，你便會有一種美好的錯覺，以為所有的醜陋和罪惡實際上都是不存在的。這不是欺騙，而是一種恩澤；生活在如此擾攘巧詐的世界裡，能有這樣的錯覺、能對世界懷抱如此的信心，畢竟不是壞事。而實際上，,3
日之金粉也從來不曾隱藏掩飾什麼，它只是莊嚴地美化了這個世界，以它博大無盡的永恆之愛，觸動我們的靈感，引發了我們對世界、對人生，甚至對它的愛而已。日之金粉，完全不同於塗抹在人類雙頰的廉價脂粉，它永遠均勻公平地撲灑在大地之上；在許多崇尚光明之人的心目中，日之金粉所帶來的，不只是美麗，更是智慧和清醒。最卑微脆弱的小草，都會因為接受到這一份真誠無欺的溫暖，而抬起它快樂自信感恩的頭。至於人呢？,3
我不能相信一個在照人眼明的陽光之下的人，還會躲在人性的陰影裡，製造卑劣可鄙的念頭。隨著日之金粉所灑佈下來的澄明，天地間處處充滿了蓬勃的啟發，人對自己的善良，似乎也較易有更多的自覺與體認，因此，對於人，對整個世界來說，日之金粉恆是一種無與倫比的恩澤。,3
"﻿從前有一個鞋匠，住在一間破舊的小屋子裡。他一天到晚給人家修補皮鞋，工作非常辛苦。但是他並不難過，因為他有一個清脆動聽的歌喉，工作的時候，可以自由自在的唱歌。
鞋匠的歌聲非常動聽，鄰居們每天做工都很辛苦，但是一聽到他的歌聲，就會忘掉疲勞，振作起精神來。鄰居們都很喜歡鞋匠。每天早上，鞋匠一唱歌，就像給鄰居們打開收音機，他們臉上都露出了笑容。
在鞋鋪的附近，住著一個富翁。那富翁是個懶人，",2
"每天早上要睡到十點多鐘才肯起來。
鞋匠的歌聲，吵得他不能睡覺，使他心裡很厭煩，可是又不好意思禁止鞋匠唱歌。
有一天，富翁叫人去把鞋匠找來，對他說：「我給你一千塊錢，請你以後別再唱歌，好不好？」鞋匠心裡想，他一個月辛辛苦苦給人修理破鞋，也不一定能賺到一千塊錢。不唱歌又有什麼關係？不唱就不唱。所以他馬上答應了富翁的條件，高高興興的帶著錢回家了。他一遍又一遍的數著那一千塊錢，不知道應該放在哪裡比較妥當。",2
"晚上睡覺的時候，就把錢塞在枕頭底下，還擔心夜裡有人來偷，一夜都沒睡好。
鞋匠第二天早上起床，覺得渾身痠痛，一雙手軟軟的，連榔頭都懶得去拿。他心裡覺得煩，可是又不敢唱歌。他覺得時間過得也變慢了，一天就好像有一年那麼長。這實在太讓人苦惱了。
最後，他下了很大的決心，在傍晚的時候，帶著那一千塊錢到富翁的家裡去，他說：
「先生，很對不起，我還是把一千塊錢還給您吧！這些錢讓我心裡不安，夜晚睡不著覺，",2
"白天唱不了歌。」說完話，趕快放下錢，轉身就跑了。
鞋匠回到家裡，覺得心情輕鬆多了，忍不住又唱起歌來。從此以後，他每天又像從前一
樣，快快樂樂的修理皮鞋，再也不為錢提心弔膽了。",2
"﻿從前有一個窮苦的農夫，一天在鎮上的小茶館門口被一個算命先生喊住了。那算命先生說：「鄉下人，你的相貌很好，運氣也不錯，最近就要發大財了。」農夫說：「能發財就好了。像我這樣命苦的人，真應該發發財才對呀！你倒告訴我，應該怎麼做才能發大財？」
算命先生說：「只要你答應把得到的錢財分給我一半，我就告訴你。」農夫笑著說：「可以，可以，只要有錢，分一半就分一半。",2
"」算命先生低聲在他耳朵旁邊說：「這個月裡財神爺要送一缸黃金到你家去。」農夫聽了心裡很高興，嘴裡說：「別開玩笑了！」算命先生正經八擺的說：「誰騙你誰不是人，只是你別忘了分給我一半錢財就好。」說著，又進茶館喝茶去了。
農夫自從聽了算命先生的話以後，索性連地也不種，整天守在家裡等著財神爺送那缸黃金來。一天，兩天，沒消息！一個月，兩個月都過去了，哪裡有什麼黃金送來！農夫覺得受了騙，一生氣就氣死了。",2
據說農夫死後到了陰間，向閻王爺告狀，說算命先生欺騙他，害他活活的氣死。閻王爺聽了，把桌子一拍，罵他：「你這個懶鬼，誰騙了你啦？那算命先生就是財神爺的化身，當天就把一缸黃金送到你那一塊小小的園地，淺淺的蓋上一層土。因為你只有這麼一塊地，以為你每天總要到那裡耕種，一會兒就發現了。沒想到你只知道在家裡睡覺，連鋤頭也不拿了！哼，像你這樣的人，也敢想發財，那麼天底下人人都應該發財了。好，,2
"這一次我可要重重的處罰你。我要叫你再回到人間去，變成一條牛，耕一輩子地！」
閻王爺說完，拿筆向他一指，他就回到人間了。不過這一次，他卻是一條勞苦的牛了。",2
"﻿下雨的時候，我喜歡站在窗口，欣賞外面的雨景。遠方的山，好像披著一件輕紗。溼答答的馬路上，車子來來往往，車燈就像天上一閃一閃的星星。行人撐起了各式各樣的雨傘，路上開滿了一朵朵五顏六色的傘花。
下雨的時候，我喜歡在屋簷下玩水。雨下得小，水順著屋簷一滴一滴的落下，發出「滴、滴、答、答」的聲音，好像在說著長長的故事。雨變大了，水就像一條銀色的長線，從屋頂垂掛下來。我伸手去接，",2
"一股清涼的感覺從手心傳到全身，真是舒服。
下雨的時候，我喜歡撐著雨傘到外面走走。我看到綠綠的青草被雨洗得亮亮的，空氣中有一股清新的味道。山坡上有一大片的黃色小花，金黃的花朵好像一隻隻黃蝴蝶，風輕輕的吹著，那些「黃蝴蝶」拍動著翅膀，好像送來了淡淡的花香。
下雨的時候，我總是特別想念鄉下的表哥，那時我們常穿著雨衣和雨鞋探險。雨水把泥巴路變得軟軟的，每踩一步，鞋子就會陷進裡面。雨越下越大，",2
屋前的水溝滿起來了，我們連忙摺出彩色的紙船，看著紙船順著水流，慢慢的往遠方流去，直到再也看不到......。,3
"擔仔麵
擔仔麵係由小販挑擔沿街叫賣麵食，與四川擔擔麵相同。在臺灣最早的起源在臺南沿海地區，漁家在無法出海捕魚的季節裡，挑起麵擔外出作生意貼補家用，故有度小月之稱。擔仔麵是行業的統稱，麵攤上所販賣的麵食則稱為切仔麵或拉仔麵，取其將麵條放入滾水中「切」一下或「拉」一下的動作（臺語發音）。",3
"﻿最近，阿公常會帶著大背包往外跑。每當我想跟著去，他總是搖搖頭，神祕的說：「時候未到！時候未到！」
今天，阿公居然邀請全家一起去爬山。到達山林的入口處後，我看到好幾棵高大的樹，開滿了白色花朵，一簇簇，一球球。細碎的白花隨風飛舞，輕輕落下。
「來，跟我走！」阿公指向前方，帶我們沿著步道往上走。走了一段路，過了幾個彎，視野突然變得開闊起來。放眼望去，步道、山坡層層錯落，鋪滿點點白花，",2
"像新娘身上長長的白紗。我們發現，自己正身處在漫山遍野的白色世界裡。當微風吹起，潔白的油桐花瞬間化身美麗的舞者踮起腳尖，跳哇跳，轉哪轉，落在我的手上，散發出淡淡的香氣。
阿公走進一座涼亭，從背包裡拿出準備好的茶葉、花生和芝麻，在大碗裡磨碎，接著用熱水沖泡給我們喝。清淡的茶香裡，散發出濃濃花生和芝麻香味，阿公說這就是「客家擂茶」。
我開心的說：「花好漂亮，茶好好喝，真是幸福！」
妹妹接著說：「不夠，",2
"不夠，還要有阿公！」
「哈！是好茶、美景，加上全家人的陪伴，這就是我想和大家分享的祕密！」阿公得意的回答。
枝頭上的油桐花聽了，也忍不住點點頭，開心的跳起舞來。",2
"愛玉
愛玉是一種臺灣特有的藤本植物，產地大多在阿里山的達邦地區。它的果實外觀為青綠色，有點像芒果。果實裡面的愛玉子，就是製作成我們常喝的愛玉凍原料。把曬乾的愛玉子，隔著紗布袋在冷水中反覆搓揉，果膠黏液析出，約30分鐘後就會慢慢結成愛玉凍。把凝固後的愛玉凍放入冰箱冷藏，食用時再加入幾滴檸檬及糖水，酸酸甜甜清涼甜品-愛玉凍，最適合夏日飲用了。",3
"﻿嬸嬸的家位在南投縣的鹿谷鄉，那裡是個飄著茶香的山城。上星期，嬸嬸帶我們一家人，一同到她的家鄉遊玩。
來到鹿谷，看見凍頂山滿山的茶園。嬸嬸說種茶樹需要很多條件：氣候溫和、雨量足夠、早晚溫差大、經常有雲霧等。
來到嬸嬸家，她帶我們去參觀「凍頂烏龍茶」的製作過程。我看見師傅們先將剛摘下來的茶葉晒過，以減少水分；接著讓茶葉發酵，進行高溫處理，以保留香氣；最後，將茶葉揉成球形，進行乾燥和烘焙，",3
"就成為風味美好的烏龍茶。
製茶的師傅告訴我們，臺灣人愛喝茶，所以對茶葉十分講究。爸爸和叔叔一邊喝茶，一邊讚嘆的說：「這茶真是值得細細品味呀！」
這一次來到「茶鄉」鹿谷 ， 除了欣賞到美麗的風景、了解茶的製作過程外，還感受到處處是茶香。這難得的體驗，讓我喜歡上這可愛的地方，希望有更多的人能和我一樣，在鹿谷遇見茶
「香」。",2
"士林夜市為臺北市最具規模的夜市之一，以陽明戲院及慈諴宮為中心，包含了文林路、大東路、大南路等熱鬧街市集結而成，其中士林市場早在西元1910年即已興建，以各種傳統小吃聞名國內外，許多觀光客皆慕名而來，像是大餅包小餅、石頭火鍋或是士林大香腸等，更是已經成為美食地標，無人不曉。
由於夜市鄰近許多學區，故以學生為主要的消費族群，價格也比一般商店便宜許多，例如家具、衣飾、相片沖印店或寵物用品等，",3
"都有其集散的區域，『情人巷』中的精品店與冰店，更是吸引了不少當地學子以外的顧客前往。
士林夜市所含範圍極廣，在曲折巷弄內行走，常有柳暗花明又一村的驚喜，週末假日時前往，更是人山人海，擠得水洩不通，常見一家大小提著大包小包剛採買的日用品，嘴裡還塞著美味小吃，滿足之情溢於言表。",3
"陽明山國家公園緊臨臺北都會區，全區以大屯火山群彙為主，面積約11,338公頃，由內政部國家公園署陽明山國家公園管理處管理，因火山活動造成的錐狀與鐘狀火山體、火口湖、硫氣孔、地熱與溫泉，具有研究及娛樂價值，受季風影響，植物相兼具高草原、矮草原、闊葉樹林、亞熱帶雨林與水生植物群落，孕育臺灣水韭、大屯杜鵑、蝴蝶與鳥類，陽明山公園栽植的櫻花及杜鵑，使本區成為臺北近郊最吸引人的賞花場所。",3
陽明山國家公園因受緯度及海拔之影響，氣候分屬亞熱帶氣候區與溫帶氣候區。春季二、三月是陽明公園傳統的花季，色彩繽紛的各種杜鵑與滿山遍野的緋寒櫻，吸引大批賞花人潮，讓陽明山的初春更顯生氣蓬勃。夏季景色則因西南季風的吹拂、午後雷陣雨的影響，霧雨初晴時，常可在山區覓得「虹橋跨立山谷」的景緻。而當秋天來時，芒草展現隨風搖曳的花海；楓紅點綴枝頭，樹葉片片金黃，交織成一幅盛名遠播的「大屯秋色」；,3
"冬季的陽明山則因受東北季風影響，山區經常寒風細雨，低溫高濕，雲霧瀰漫。若遇強烈寒流來襲，七星山、竹子山、大屯山一帶偶可見白雪紛飛，成為瑞雪覆蓋的銀白世界。
此外，以大屯火山群為主體的陽明山國家公園，是臺灣主要的火山分佈區，地質構造多屬安山岩；外型特殊的錐狀或鐘狀火山體及火山口、火口湖，構成本區獨特的地質地形景觀。區內的大、小油坑、馬槽、大磺嘴等地，都可見到強烈的噴氣孔活動；",3
而分佈於園區內的多處溫泉區，更早已遠近馳名。,3
我們的教室座落在學校的西部，坐北向南，粉牆藍瓦。教室四周，泡桐排排，榆楊鑽天，它掩映在綠樹中，門前又有同學們親手種植的花草，看一眼就會給人一種賞心悅目的感覺。走進我們的教室，首先映入眼簾的是一塊黑板。黑板邊上貼著科學家的名言：知識在於積累，天才在於勤奮，天才就是一分靈感加九分汗水。這富有哲理的名言告訴我們：知識就像海洋裡的水一樣是一滴一滴滙集而成的。每當我讀書厭倦的時候，,2
這句名言就像警鐘一樣在我耳邊敲響：你要成為知識的富翁，就得平時一點一滴地積累它。於是我便又認真地研讀起來。教室四周，貼著精神文明建設的圖片。它像一面鏡子反映出我們每個同學的言行，教我們做一個好少年。教室的兩邊各有三個大窗戶，每個窗台上都放著兩盆色彩鮮艶，昂首怒放的鮮花。它既美化了我們的教室，又陶冶著我們的情操。教室中間二十一張紅底黑面的課桌，像一隻隻小船，,2
載著我們這四十個娃娃在知識的海洋裡遨遊……教室後牆上的習作園地裡，貼滿了同學們的優秀作文。從這些優秀作文裡，我們好像看到了不遠的將來，這些同學中有的將會成為作家，去用自己的彩筆歌頌國家的現代化建設，描繪國家日新月異的變化。這就是我們的教室，它平凡得不再平凡了。一塊平常的黑板，一個小小的講台。正是在這裡，老師們留下了勤勞的足跡，傾注了育才的心血！這就是我們的教室，它平凡得不能再平凡了。正是在這裡，,2
辛勤的園丁培養了多少生命的花朵，造就出了多少國家的棟樑！我們在這裡學知識，練本領，我們還要從這裡走向世界，走向未來……我愛我們的教室，我愛我們這極平凡、極平凡的教室。,2
"﻿等待呀等待，終於讓我等到當英雄的機會！
比賽進行到最後一局，輪到我上場，目前比數是一比三，對手領先兩分。兩好三壞滿球數，
兩人出局，一、二壘有人。
「要想辦法被球 到，造成滿壘。」這是教練的指示。
「我一定要好好表現一下。」我告訴自己。
就在投手準備投球的瞬間──你猜我看到了什麼？
天哪！我的祖母，早不來，晚不來，這時候氣喘如牛的跑來了。
「都幾點了，還不知道要回家吃飯。」她的聲音遠遠就聽得到。",2
"投手就要投出，祖母愈跑愈近，時間不多。這時候我不管三七二十一，閉上眼睛，用力就
是一揮，那顆球飛得又高又遠，我的媽呀！是支全壘打。全隊的人都歡呼起來。我的祖母愈跑愈近，她可不管什麼全壘打或是什麼三振出局。
「再跑，你再跑試試看！」
「跑哇！快跑。」全部的人都已經鼓噪起來。先是二壘的人奔回本壘，接著一壘上的人也奔
回本壘。全壘打呀！我告訴自己，不顧一切拚命往一壘衝。
「看你還跑到哪裡去？",2
"」我奔上一壘，祖母也追了上來。
轉個彎，奔上二壘，她氣呼呼的站著看我。等我奔上三壘，天哪！祖母已經站在本壘板上等我了。我站在三壘，猶豫不決。
「跑！跑！跑！跑！跑！」
所有人激動的大喊：「跑！跑！跑！跑！」
「有膽你就跑回來呀！」祖母怒氣沖沖的站在本壘板上，一手插著腰，另一手指著我，彷彿她也正準備擊出一支全壘打。
三比三平手，我心想：「快點，再不跑就完蛋了。」我們只差一分就贏了。
「跑！跑！跑！",2
"」
我終於鼓起勇氣，深呼吸，決定硬著頭皮奔回本壘。這時我聽見了全場一片歡聲雷動。
就在歡呼與掌聲之中，我這個英雄被祖母抓個正著，只能挨罵，縮著脖子連聲求饒：「下次我不敢了，下次我真的不敢了！",3
"﻿我的爸爸是位建築迷，最喜歡到處探訪特別的綠建築。一大早，爸爸就興致高昂的說：「走，我帶你們去參觀綠色魔法學校。」一聽到「魔法」，就引發了我和妹妹的好奇心，真想快點一探究竟。
我們一群人來到臺南成功大學的力行校區，經過濃綠的樹林，我看見一棟建築，屋頂有長長的大煙囪，牆面上還有船隻的造型。爸爸說，我們到達目的地了。我心想，這棟建築究竟有什麼神奇的地方呢？
走進室內，裡頭很清涼，我以為是冷氣開得很強，",2
"經由導覽員的解說，才明白原來剛剛看到的大煙囪，竟然是通風塔！因為熱空氣比較輕，會往上升，留下來的空間，可以讓戶外的冷空氣流進來。再加上百葉通風門的設計，門扇就像魚鰓一樣，打開後能幫助房子調節空氣，所以即使沒有開冷氣，在裡面也不會覺得悶熱。
這裡的通風設施就像為整棟建築施展了魔法一樣，不但讓室內空氣變得更流通，又可以達到節能的效果，令我大開眼界。
來到屋頂後，映入眼簾的是一座五彩繽紛的空中花園 ，",2
"妹妹大喊：「你們快看，那片葉子上有一隻瓢蟲！」仔細觀察之後，我發現那片葉子其實是太陽能板。爸爸告訴我們，在屋頂上架設太陽能板，既可以減少建築吸熱，又能接收陽光轉換成電能。導覽員還說，外牆上的船隻造型就是控制臺，會隨著季節變化，調整太陽能板的角度。
離開時，我回頭看著綠色魔法學校，覺得它不僅是一棟會呼吸的房子，還能運用「綠色魔法」節能減碳，真是太神奇了！",2
"﻿從前有一個磨坊主人，他很貧窮，但是有個漂亮的女兒。有一天，他剛好跟國王講上話，為了讓國王留下好印象，他竟然對國王說：「國王陛下，我有個女兒，她能把麥桿紡出金線。」
國王聽了，對磨坊主人說：「這手藝聽起來真特別。如果她真的如你所說，你明天就把她帶到皇宮來，讓我考考她。」
第二天，當她被送進皇宮時，國王將她帶到一間堆滿麥桿的房間，給她一架紡車和幾個捲筒，說：「妳現在就開始工作，從今晚到明天一早，",2
"如果妳沒把這些麥桿全紡成金線的話，就得人頭落地。」
說完，國王親自把門鎖上，姑娘一個人被留在屋裡。
可憐的姑娘呆坐在房裡，不知道該怎麼辦。她當然不知道怎麼把麥桿紡成金線。她坐越久，就越覺得害怕，最後，她忍不住嗚咽起來。
突然間，房門開了，走進來一個小矮人，他說：「磨坊主人的女兒，妳好。妳為什麼傷心？」
「國王要我把這堆麥桿紡成金線，我根本不會。明天如果沒完成，他們就要把我殺了！」
「噢，這樣啊，",2
"那如果我幫妳紡出金線，妳要送我什麼？」「我的項鍊！」
「讓我看看你的項鍊。」
他瞧了一下項鍊，就點點頭，把姑娘手中的項鍊接過來，放進口袋裡。他隨即坐上紡車，開始工作。紡車咻、咻、咻地轉，不一會兒，第一個捲筒已經捲滿了金線。他換了個捲筒，紡車又咻、咻、咻地轉，不一會兒，另一捲金線又完成了。就這樣，小矮人一直紡到清晨，把麥桿全紡完了，所有的捲筒都纏滿了金線。小矮人做完之後，一句話也沒說就離開了。",2
"天剛亮，國王就來把房門打開。他看到這麼多金線，非常高興，心裡還有點驚訝，沒想到磨坊主人的女兒，真有把麥桿紡成金線的本事。但是國王還不滿足，他把姑娘帶到一間堆滿麥桿的房間，這房間比前一間大多了。
「明天早上之前，把這些麥桿紡成金線，要不然妳照樣人頭落地，」國王說完，就離開了。
可憐的姑娘又開始難過地鳴咽起來。沒多久，房門又開了，那個小矮人走了進來。
「如果我幫妳紡出金線，妳要送我什麼？",2
"」「我手上的戒指。」「讓我看看你的戒指。」
他斜眼瞄了一下姑娘的戒指，然後伸手把它拿來，放入口袋。他隨即開始紡線。紡車整夜咻、咻、咻地轉個不停，清晨以前，他又把所有的麥桿都紡成金線了。
國王一看到滿室的金線就更樂了，但是他還是不滿足。他帶磨坊主人的女兒到另一間裝滿麥桿的房間，這房間比前一間又更大了。他說：「今天晚上，如果妳能把麥桿全都紡成金線，我就娶妳為妻。」他心想：「這姑娘雖然出身於磨坊，",2
"但是她會紡出金線，我再也找不到比她更能為我帶來財富的妻子了。」
當姑娘愁眉不展坐在房間裡，小矮人第三次推開她的房門。
「這回，你要送什麼給我？」「我現在什麼都沒有了！」
「那麼，妳就答應我，當妳成為皇后時，把第一個小孩送給我。」「誰知道以後會發生什麼事？先答應了再說，」她心想，所以就答應小矮人的要求。
小矮人馬上開始工作。天亮以前，他就把整房的麥桿都紡成金線。國王看到了，笑得合不攏嘴，",2
"他立即實現他的承諾，娶磨坊主人的女兒為妻，就這樣，美麗的姑娘當上了皇后。
一年後，她產下一個可愛的嬰兒。她早就忘了對小矮人的承諾，但是就在這時，小矮人突然走進她的寢宮，對她說：「現在，妳該履行諾言了。」
「噢，不，不，你要什麼都行，就是別帶走我的孩子。我願意把全國的財富都給你。」
「我不要金銀財寶，要金子的話我自己會紡。我要的是一個活生生的嬰孩。」皇后開始傷心地哭泣，她不停地落淚，",2
"小矮人不禁起了憐憫之心。
「好，我給妳三天的時間，」小矮人說，「如果三天內妳能說出我的名字，孩子就可以留下。」
這晚，皇后試圖把她記得的名字都想了一遍。她差人到全國去蒐集罕見的名字，信使把各式各樣怪異的名字都記錄下來，帶回給皇后。當小矮人回來找她時，她循著蒐集到的名單，一個一個拿出來問：
「你的名字叫卡斯伯？」「不，那不是我的名字。」「是梅爾夸兒？」
「不，那不是我的名字。」「那是鮑爾沙札？",2
"」「不，那不是我的名字。」
她一一唱名，但是始終得到「不，那不是我的名字」的答案。
第二天，她又派人到鄰近國家去打探。她心想，別國一定有些少見的名字。信使確實帶回許多特殊的名字。小矮人來到她的跟前，她又開始問道：
「你的名字是困境破壞者？」「不，那不是我的名字。」「浸手帕？」
「不，那不是我的名字。」「那是麥克芥末貼？」
但是，他總是搖搖頭回答：「不，那不是我的名字。」
她開始著急了。但是第三天，",2
"信使竟然什麼名字都沒帶回，只告訴皇后一個離奇的故事。
「皇后陛下，我再也找不到新的名字。然而，當我來到靠近山頂的森林最深處時，看到一間小屋子。房子前有團熊熊烈火正在燃燒，有個小矮人（您應該看看他的模樣，長相還真滑稽）」正在火堆前跳舞，他一邊單腳跳，一邊唱著：「再過一天我將擁有，皇后的孩子就歸我！水與土、空氣和火，我的名字是倫波史蒂爾茨金喲！」
你可以想像，皇后聽到這名字，有多麼高興！",2
"小矮人再度出現。他搓搓手掌，樂不可支地跳上跳下，他說：「親愛的皇后，現在，你能說出我的名字了嗎？快說吧！」「你的名字是湯姆嗎？」「不，那不是我的名字。」「是迪克？」
「不，那不是我的名字。」「是⋯讓我想想，亨利？」「不，那不是我的名字。」
「不是啊，那，該不會是⋯倫波史蒂爾茨金？」
「一定是魔鬼告訴妳的！」小矮人大聲嚷嚷，他氣得猛跺腳，卻用力過猛，把右腳踩進地裡，半截身子都陷下去了。盛怒之下，",2
他又用雙手抱住左腳，結果把自己撕成兩半。,1
"鹽酥雞
鹽酥雞最早出現於臺南，靈感起源自60年代風行臺灣的美式炸雞。臺灣的鹽酥雞採用無骨或帶細骨的雞肉塊，切成小塊醃漬後，再裹濕粉下鍋油炸後，灑上胡椒鹽、辣椒粉後即成美味的小點心。演變至今，鹽酥雞已成為臺灣大街小巷相當普遍的特色小吃，小小的推車上除了雞塊以外，還有許多包括海鮮、蔬菜在內的食材，除了胡椒鹽及辣椒末等調味料，許多店家也研發出特殊的獨門沾醬。",3
清晨，推開窗扉，清新之氣撲人眉宇，陽光躍然而入，滿室生輝。有了窗，一間容膝斗室，便變成頂天立地的無窮大了。遷居到這四山環抱的小屋，已快五年了。山屋雖小，卻霜露不墜，風雨攸除，那嵐色山光，更使心靈為之清爽。鄰近是從前的美軍宿舍，現已闢為山村聯誼社，有網球場、游泳池，更有寬廣的草坪，可坐可臥，別有園林情調。從山子后的小屋慢跑到陽明公園後面的山澗，自由自在的作早操、打太極拳。陽明、大屯兩瀑布匯流出谷，,3
谷口是石壇路峰頂橋，橋畔有洞形月門及花廊，景色幽美。回到小屋，已是日上三竿，然後才幹起活兒來。時寫時歇的一篇小說，一拖再拖已是半年光景，直到日昨，好歹算搞出來了。脫稿時，如釋重負，又像一根繃得過緊的琴弦一般的心情，才鬆弛下來。我相信一個作家是沒有終點的，就像馬拉松賽，要有持恆的力氣，一直不斷地跑下去。寫作完全靠一股勁，有人形容得妙，那股勁消失了，就像洩了氣的皮球，蹦也蹦不起來。午後，,3
除了睡晌覺、有事辦事以外，看看書啦！散散步啦！美其名曰：「悠閒自得」。今午跑到法美墓園，這裡草坪如茵，視野絕佳，士林、北投一帶的近景，一覽無遺。入夜，獨坐斗室，一邊靜聽古箏錄音帶，一邊白乾在手，默默瀏覽四壁圖書。這時，新交少至，舊雨不來，裸足袒胸，了無拘束。翻閱書本時，我偶爾碰到一句很醒目的箴言：理想的文學家，他有求真的精神、向善的勇氣、愛美的情操。為了真，他實事求是，不作調人；為了善，,3
他鐵肩擔道義，佛手寫文章；為了美，他沈思翰藻，纂組錦繡。統括起來，他有一顆愛心，能夠感動別人，美化世界。真是好一幅幾乎難以碰見的大文學家的寫照。「山中無曆日，寒盡不知年。」在山上，我從未留意過自己的歲數，一頂草笠，一條牛仔褲，是我出門時的打扮。我寄情山水，自然不慕榮利，讀書與爬山一般，致心其中，渾然忘我。我愛山之靜中有動，它靜得那麼安謐，動得那麼和諧。,3
"﻿深山裡有一條小溪，溪水很深，流得很急。溪上面，架著一根長長圓圓的木頭。那是砍柴的人搭起來的獨木橋。
有一天，一隻山羊想過橋去吃草。湊巧橋的那一頭，也有一隻山羊要到橋的這一頭來吃草。
這邊的山羊心裡想：「是我先想過橋的，用不著理他！」就低著頭，裝著沒看見，往橋一直走過去。
對面那隻山羊，心裡也想：「對面也來了一隻山羊。不過他比我晚一步，當然只有他讓我，沒有我讓他的道理。我過我的橋，用不著去理他！",2
"」也低著頭，裝著沒看見，一直向橋上走過去。
一會兒，兩隻山羊在橋中間碰頭了。第一隻山羊很不客氣的說：「請你退回去，讓我過了橋再說！」
對面那隻山羊一聽，就冒起火來，說：「什麼！天底下有這種道理嗎？」第一隻山羊氣得全身發抖說：「你不知道我的力氣有多大吧？」對面那隻山羊說：
「你的意思是想打架嗎？」第一隻山羊凶狠狠的說：「打架就打架，我還怕你？」
對面那隻山羊覺得那獨木橋很窄，很滑，打架不大合適，",2
"就說：「要打架，你就退回去，我們到那邀去打去！」第一隻山羊很強硬的說：「我才不往後退呢。要打架，你就退回去，我們在你那邊打。」
對面那隻山羊再也忍不住了，也不想多說什麼，直接把頭一低，用犄角頂過去。
第一隻山羊沒料到對方會那麼狠，心裡一急，也把頭一低，衝了過去。因為獨木橋實在太窄太滑了，只聽到撲通一聲，兩隻山羊都掉進溪水裡了。",2
"養雞
林良
小時候，家裡除了養過一隻小豬、兩條小狗以外，我們最常養的寵物是一群雞。媽媽喜歡種菜種瓜，養雞養鴨的。由於養了雞，她不喜歡養狗。好在事情總可以有個劃分，把小狗養在前庭，把小雞養在後院，牠們就井水不犯河水啦！
一窩雞養在後院，任牠們低低的飛來飛去，咯咯咯叫個不停，既可愛又熱鬧。我常常搬個凳子坐在後院看雞，看牠們玩耍。如果媽媽叫我餵雞，我就和牠們玩遊戲，撒一點點米，牠們會搶著吃，撒很多米，",2
"牠們就吃得很快，好像要噎到了似的；如果不撒米，牠們會歪著頭，用左邊的眼睛看看你，再用右邊的眼睛看看你，傳送出一個「為什麼」的訊號來。
記憶中，每隻母雞都很負責任，帶著小雞找食物啊，去沙堆裡洗澡啊！母雞最兇的時候，是在孵蛋時，那個時候，牠會啄人，會瞪人，還會叫個不停。這一切，都是為了保護孵化中的小雞。
我最喜歡看小雞從蛋裡出來的情景，為了讓母雞放心，我都遠遠的蹲著。母雞看顧著十來個蛋，",2
"還「咯咯」「咯咯」的叫個不停，小雞剛出來的時候，歪歪倒倒的，站不穩，絨毛也溼溼的。可是很快，絨毛乾了，牠們會站了，會跑了，一團團的絨毛球，「嘰嘰，嘰嘰」的叫著，可愛極了！
公雞可什麼都不管，到處吃喝玩樂，打架鬧事的，然後，又「喔喔」「喔喔」的叫著，一副很神氣的樣子。小雞漸漸長大以後，羽毛的顏色，紅的、黑的、白的、花的，五顏六色都出來了，很漂亮。母雞似乎覺得孩子該獨立了，就不准小雞跟班了，",2
"牠會啄小雞，強迫小雞離開身邊。當長大的雞不再跟媽媽，母雞就又開始要生蛋了。
初生的蛋小小的，誰撿到了就把蛋殼洗乾淨，交給媽媽，媽媽會把蛋放進飯鍋或湯鍋裡一起煮，煮熟以後再交給幸運撿到蛋的孩子。剛煮熟的蛋剝了殼，沾一點鹽巴吃，很好吃喔！",2
"中元節
農曆七月俗稱「鬼月」，七月初一「開鬼門」，所有的孤魂野鬼都會來到人間找東西吃，直到七月三十日「關鬼門」。這段期間民間為祈求消災解厄、諸事順利平安，各地都會舉辦祭典活動，尤其是中元節這天特別盛大與熱鬧。
搶孤放水燈
中元普渡的這一天，家家準備祭品，有些地方會舉行放水燈的活動，替水府孤魂照路，祈求亡魂早日投胎轉世。搶孤活動也是中元節重大的慶典之一唷！",3
目前只剩下宜蘭縣頭城鎮及屏東縣恆春鎮兩地有舉辦，「搶孤」的孤棚是由在四根柱子所構成，上面塗滿牛油，參賽者分成四隊，從四個方向爬上孤棚，在孤棚的頂端，四邊都有祭品在上面，先搶到的隊伍獲勝，是觀光客旅遊朝聖人氣活動之一！,3
夜幕低垂、華燈初上時，街道兩旁陸陸續續出現了忙碌的身影，有的人低著頭堆疊著商品，有的人奮力的撐起棚架，有的人細心的調整著燈光的角度，他們專注的神情彷彿在為一場盛大的饗宴做準備。每個星期四的傍晚，這些忙碌的身影就會出現在這條街上，為每週一次的「夜市」揭開序曲，帶給社區的民眾另一種生活享受。晚飯後，我們一家人出門去逛夜市。走到巷口，轉個彎，就看見整條街燈火通明，兩旁琳瑯滿目的攤位整齊的排列著，,3
三三兩兩的人群從四面八方開始往這裡聚集，擴音器裡播放著流行歌曲，每一個人都感染到快樂的氣氛。我們一家人都抱著快樂的心情逛夜市。媽媽喜歡買些鍋碗瓢盆，因為她覺得實用又便宜。喜歡喝茶的爸爸，偶爾會在攤位裡發現驚喜，例如：造型像南瓜的茶壺，質地堅硬的石頭茶壺，和木紋石做的茶杯。我和弟弟無心等待爸媽緩慢的步伐，總是心急的拉著他們的手，看到哪裡有新鮮好玩的，就靠過去湊熱鬧。前面有一群小朋友摀著耳朵圍成一圈，,2
吸引了我和弟弟的注意，走近一看，原來老闆正把玩著手上的氣球，三兩下長形的氣球就被扭轉成小狗的形狀。接著我們來到撈金魚的攤位，準備大顯身手，雖然知道總在千鈞一髮時，撈魚紙就會破掉，但是我們就像中了魔咒似的，每次經過撈金魚的攤位，還是會忍不住試一試。回家前，我們在小吃攤吃宵夜，蚵仔煎、甜不辣、米粉和貢丸湯，這些都是道地的台灣小吃，讓人百吃不厭。我們一家人都愛逛夜市，因為在夜市裡，,2
我們可以找到另一種生活樂趣。,2
那一年夏天，爸爸調職，我們跟著搬到北投。新家在郊區，附近有一條潺潺的小溪，仰頭可以看見美麗的觀音山。屋後那一大片綠油油的草地，最是迷人了，我們經常在如茵的草地上嬉戲，追逐蚱蜢、蝴蝶，傾聽蟲鳴和鳥唱。印象中，最快樂的時光是夜晚，在草地上或坐或躺，看滿天星斗，聽爸爸說他童年的故事。有一個雨過天青的夜晚，天上的星星像用水洗過似的，變得更多、更亮。廣闊的夜空，像一片布幔綴著無數的亮片。,2
當我看著那顆最大、最亮的「啟明星」，好想伸手把它摘下來，做成元宵節的小燈籠。當我正沉醉在星空下時，爸爸親暱的問：「你知道北斗七星在哪兒嗎？」我抬頭問：「在哪兒？」爸爸指著天上說：「你看，天上那排成勺子形狀的，就是北斗七星。」我順著爸爸手指著的方向，在密密麻麻的星群中尋找，終於找到那七顆星，樣子就像正在舀水的勺子。我問爸爸：「那勺子可以舀水嗎？」爸爸拉著我的手告訴我，傳說北斗七星是天神的勺子，,2
每天晚上天神會到銀河來舀水，那銀河的水可以洗滌一切煩惱。當你心情不好的時候，只要靜靜的看著北斗七星，那天上的水會清洗憂傷的心靈，一切不愉快的事情就會消失。後來，我長大了，爸爸離開人世，再也無法和我坐在一起看星星了。每當心情不好的晚上，夜深人靜，仰望燦爛的星空，看著北斗七星，想到爸爸的話，就好像看到了爸爸。慢慢的，我就忘記心中的煩惱。北斗七星就像永遠陪著我的爸爸，在我的心中，爸爸是我永遠的星星。,2
"﻿從前有個小女孩，她善良可愛，大家都很喜歡她。但是最愛她的還是她的奶奶，她送給小女孩一頂紅天鵝絨的小帽子，小帽子戴在女孩身上很好看，她成天戴著它，因此，大家都叫她小紅帽。
有一天，她的媽媽對她說：「小紅帽，我要派一個任務給妳。妳的奶奶生病了，請妳將這塊蛋糕和這瓶酒送去給她，這些食物會讓虛弱的她好過些。妳進奶奶的屋子時，記得要有禮貌，替我給她一個甜蜜的吻。走在路上要小心，別離開大路，不然，妳摔倒了，",2
"打破酒瓶，砸壞蛋糕，奶奶就什麼都沒有了。到了奶奶家，別忘了說聲：『奶奶早！』不要一進門就東張西望。」
「我會把媽媽交代的事都做好的，您別擔心！」小紅帽說完，親吻媽媽之後就上路
了。
奶奶住在森林裡，大約走半個小時，就會到達奶奶的小屋。小紅帽才走沒幾分鐘，就
遇到一隻大野狼。她不知道狼是多麼邪惡的動物，所以一點都不害怕。
「早安，小紅帽！」大野狼說。
「謝謝你的問候，大野狼。你也早呀！",2
"」「這麼早要上哪兒去呢？」「我要去奶奶家。」「你籃子裡裝了什麼？」
「奶奶生病了，我送些蛋糕和酒給她。蛋糕是我們昨天烤的，裡頭有麵粉和蛋等好東
西，讓虛弱的奶奶補補身子。」「小紅帽，妳的奶奶住在哪裡？」
「往這條路一直走，走到三棵橡樹下，就會看到奶奶的家。奶奶家前面有一片榛樹
叢，你不會錯過的，大約再走十五分鐘就到了。」
大野狼聽了之後，心裡暗暗盤算：「這個稚嫩的小姑娘，看起來真可口，吃起來應該",2
"比她那老奶奶還美味。我得巧妙行事，把兩個通通吃掉。」
大野狼陪小紅帽走了一會兒，然後開口說：「小紅帽，妳看，遠遠那棵樹下的花好美喔！何不走過去看個仔細？妳看起來好嚴肅，好像要去上學似的。如果你只顧著埋頭走路，怎麼看得到美麗的風景呢？森林裡有趣極了，不把握機會走走看看真是太可惜了。」小紅帽瞧向大野狼指的那棵樹下，她看到陽光在樹叢問舞動著，變幻閃爍，遍地開滿美麗的鮮花，",2
"她心想：「要是我摘些鮮花送給奶奶，她看了一定很高興。而且現在時候還早，我只是採點花，還趕得及天黑前回家。」
所以小紅帽離開大路，跑到樹下去摘花；但是她每摘一朵，就會看到另一朵更漂亮的
在前方等她，所以當她越摘越多，在森林裡也越走越深。
此時，大野狼忙不迭地直奔奶奶的房子，他敲敲門。
「外面是誰呀？」
「我是小紅帽，」大野狼隔著門說，「我帶了蛋糕和酒要給您，開門呀！」「把門栓拉開，自己進來吧，",2
"」奶奶說，「我太虛弱了，無法起床幫你開門。」大野狼拉開門拴，門就開了。牠走進去，不動聲色地四處尋找奶奶，牠一看到臥病在床的奶奶，就立刻跳上她的床，一口氣把她吞下肚。然後，牠穿上奶奶的衣服，戴上奶奶的花邊軟帽，窗簾拉緊，最後溜到奶奶的床上假寐。
小紅帽到處採花，手裡的野花已經多得握不住了，突然她想起自己該做的事，才趕緊回到大路，往奶奶的家走去。到了奶奶的家，她嚇了一跳，因為奶奶家的門竟然是敞開的，",2
"而且房間也暗得很不尋常。
「天啊，」她心想，「我不喜歡這種感覺。通常奶奶的家都讓我安心歡喜，今天是怎麼搞的，我竟然感到害怕了。」她大聲地往屋子裡喊：「奶奶，早安！」但是沒人應門。
她走到奶奶床前，拉開窗簾，只見奶奶躺在床上，帽子拉得低低的，看起來非常奇
怪。
「唉呀，奶奶，您的耳朵怎麼這麼大？」「好能更清楚地聽到妳說的話啊！」「可是奶奶，您的眼睛怎麼那麼大？」「好能更清晰地看到妳的模樣啊！",2
"」「可是奶奶，您的手怎麼那麼大？」「好能用手抱住妳啊！」
「可是奶奶，您的嘴巴怎麼大得嚇人.」「好能一口把妳吃掉！」
大野狼說完，立即從床上一躍而起，張大嘴把小紅帽吞進肚裡。牠吃掉小紅帽之後，心滿意足，又爬回奶奶的床，那裡又軟又舒服，大野狼沉沉睡去，並且發出震天作響的鼾聲。
一位獵人碰巧經過。「老奶奶的鼾聲怎麼這麼響，」他心想，「我進去看看她是否出了什麼事。」他走進奶奶的家，靠到床邊一看，",2
"嚇了一大跳。「原來是這隻大壞蛋！」獵人想著，「我找了你這麼久，終於找到了。」
他拿起手中的獵槍，正要朝大野狼瞄準時，又想到一件事。也許大野狼把老奶奶給吃了，他應該先想辦法把她救出來。獵人放下獵槍，拿出一把剪刀，剪開大野狼鼓脹的大肚子。才剪了幾刀，獵人就看到那頂紅天鵝絨帽，再剪幾刀，小女孩就從狼肚裡跳了出來。
「噢，太可怕了！」小紅帽死裡逃生後說，「大野狼的肚子裡黑漆漆的，我害怕極了！」
緊接著，",2
"奶奶上氣不接下氣地從狼肚裡爬出來，獵人扶奶奶到椅子上休息，小紅帽跑到屋外去撿些大石頭。他們合力把石頭塞滿大野狼的肚子，然後小紅帽仔細地把開口縫合。縫好之後，他們將大野狼搖醒。
大野狼張開眼，看到拿著槍的獵人，便慌慌張張奪門而出。肚子裡的石頭太重了，他
一個重心不穩，慘跌在地，死了。
三個人高興極了，獵人剝下狼皮帶回家。奶奶吃了蛋糕喝了酒，小紅帽心想：「剛才實在太驚險了！只要我還活著，",2
一定不再重蹈覆轍。下回媽媽叫我走大路，我一定要聽話。,1
"﻿第一次聽到「月世界」這個名字時，想像中，那是一個安靜又神祕，像仙境一樣的地方。綠色的湖水映著圓圓的月亮，靜靜的躺在群山的懷抱裡。
月世界真的是我想像的樣子嗎？今天的戶外教育，我們全班就要去拜訪月世界，正好可以解開我心中的謎。
到了目的地，我看見兩旁的山丘，就像一頭頭並排的大象，灰色的表面上有許多紋路。老師說：「月世界就像月球表面一樣，到處是灰色的山丘，所以才會有這個名字。",2
"」我發現這裡沒有濃密的林木，連草都不容易生長，跟我想像的完全不一樣。
後來，老師還帶我們去看附近的泥火山，遠遠就聽到好像有人在打嗝，走近才發現是泥漿一陣一陣冒出來的聲音。當我們親眼看見這特別的景象時，忍不住驚呼起來。泥漿從地底噴發，好像一條條活蹦亂跳的泥巴魚，從水池裡跳出來。我們看得入迷，差點兒錯過集合的時間。
這次戶外教育，我們看見了從來沒有看過的景色，月世界真是一個讓人難忘的地方。",2
"﻿在大森林的邊緣，住著一個貧窮的樵夫，妻子和兩個孩子與他相依為命。他的兒子名叫漢賽爾，女兒叫葛麗特。他們家原本糧食就不多，而現在正值飢荒，情況就更糟了，這位父親
連每天的麵包都難以保證。
這天夜裡，他躺在床上，為貧困的生活輾轉難眠，他嘆了口氣，對妻子說：
「我們該怎麼辦？我們連自己都得餓肚子了，怎麼養活那兩個可憐的孩子？」
「我來告訴你怎麼做，」妻子說，「明天一早醒來，我們就帶小孩到森林最深處，",2
"我們把那裡弄得舒服點，生火讓他們取暖，給他們一些麵包，然後把他們單獨留在那兒。他們一定找不到回家的路，這樣就可以成功擺脫他們，就這麼辦吧！」「不！不！」丈夫說，「我不能這麼做，我怎麼忍心把孩子丟在森林裡，絕不！他們會被野獸撕成碎片的！」
「你真是個傻瓜，」妻子說，「如果不擺脫他們，我們一家四口會全部餓死，你乾脆現在開始砍柴，為自己準備棺木好了！」
接著她一直在旁喋喋不休地想要說服丈夫，",2
"樵夫禁不住妻子再三要求，最後只好答應了。
「但是我一點也不喜歡這樣，」他說，「我覺得孩子實在太無辜了。」睡在隔壁房間裡的孩子是清醒著。他們餓得睡不著，也因此把父親和後母之
間的對話，聽得一清二楚。
葛麗特傷心地哭了，她小聲地對哥哥說：「喔，漢賽爾，這下我們倆完蛋了！」「噓，小聲點，」漢賽爾說，「妳別擔心，我有辦法了。」
等大人睡著了之後，漢賽爾下床穿上他的舊外套，打開大門下方的小開口，爬到屋外。",2
"月光皎潔，將地面上的白色鵝卵石照得無比晶亮，就像發光的銀幣。
漢賽爾趴在地上撿拾石頭，直到口袋裝滿為止。
然後他回到房間，上床時跟葛麗特說：「別擔心了，去睡吧！上帝會看顧我們的，而且我已經計畫好了。」
天剛破曉，太陽都還沒升起地平線，女人就進到孩子的房裡，迅速地把他們的被子掀開。
「你們這兩個懶惰蟲，快起床！」她說，「我們得去森林裡撿些柴火！」她給兩個孩子一人一小片乾麵包。
「這是你們的午餐，",2
"別一下子就吃完，因為吃完就沒了。」
葛麗特把兩塊麵包放到自己的圍裙裡，因為漢賽爾的口袋已經裝滿鵝卵石。
他們一起出發到森林裡，漢賽爾不時停下腳步，回頭看著自己的家，直到父親對他說：「兒子，你老是回頭看什麼？專心走路吧！」
「我在看我的白色小貓，」漢賽爾說，「牠正高坐在屋頂上跟我說再見
呢・」
「笨小子，」他的後母說，「那不是你的小貓，那是陽光照在煙囪反射出的光線。」
事實上，漢賽爾並沒有在看貓，",2
"他是沿路丟下一顆顆白色鵝卵石，他回頭看，是為了確定這些石頭是否能看得清楚。
當他們抵達森林的中央，他們的父親說：「去找些火種，我來生點火，這樣你們才不會凍僵。」
孩子們收集枯枝，堆成一座小山，他們的父親則負責把火升起。當枯枝點燃了，火焰也越來越高，繼母對他們說：「把這裡當作像家一樣舒服，我親愛的孩子。躺在爐火旁邊取暖吧，我和你爸現在要去砍柴，等工作結束後，我們會來接你們回家。」",2
"漢賽爾和葛麗特坐在火堆旁，當他們認為是日正當中時，就拿出那一小塊乾麵包來吃。他們一直聽到斧頭砍柴的噠咑聲，以為父親就在附近工作。但那聲音並不是砍柴聲，而是他們的父親將樹枝綁在附近一棵枯樹幹上，風一吹，樹枝就隨之搖來晃去，發出好似砍柴的聲音。
孩子們坐在火堆前好長一段時間，眼皮變得越來越重，下午過後，日光漸漸黯淡下來，兄妹倆的身體也越靠越近，最後他們一起墜入夢鄉。
他們在黑暗中醒來，",2
"葛麗特害怕地哭了起來。她啜泣著說：「我們回不了家了。」「等月亮出來，」漢賽爾說，「我們就可以找到回家的路了。」
不一會兒，一顆明亮的滿月冉冉升起，漢賽爾沿路丟在地上的白色石子，被月光照得跟剛鑄好的硬幣一樣，閃閃發光。兩個孩子手牽手，在暗夜裡循著白石子指引的路回家。他們走了一整夜，終於在天剛破曉前，回到父親的小屋。
小屋的門鎖著，他們用力地敲門。當門被打開，來應門的後母雙眼也睜得好大，一臉驚訝。",2
"「你們這兩個可憐蟲，讓我們擔心死了！」後母把他們抱得很緊，緊到無法呼吸。「你們怎麼睡那麼久，我們以為你們不想回家了！」
她捏捏孩子的臉頰，彷彿她真心歡喜地再見到他們。不一會兒，父親也下樓了，孩子回家讓他的臉上露出真切的欣喜與安慰，因為他先前完全不想拋棄他們。
所以這次孩子安全抵家，沒有被遺棄。但過沒多久，整個地區的糧食又開始短缺，許多人飽受飢荒之苦。一天夜裡，孩子又聽到後母對父親說：「糟糕，",2
"我們家只剩半條麵包了，再來我們就只能等死。我們必須把兩個孩子給扔了，而且這回我們得想得周全些。他們上回肯定耍了些伎倆才順利回家，這次我們要把他們帶進更深的森林裡去，叫他們再也找不到回家的路。」
「喔，我並不喜歡這樣，」父親說，「你知道的，森林裡不只有野獸，還有妖精、巫婆和一些我想都不敢想的生物。難道我們就不能跟孩子同甘共苦，一起分享最後那塊麵包嗎？」
「別傻了，」那個女人說，「你還是不懂嗎？",2
"那樣我們全家都會餓死！你就是心太軟，懦弱和愚昧就是你這個人最大的問題。」
妻子無情的批評讓他痛苦萬分，但他毫無招架之力，因為樵夫已經對妻子做了第一次讓步，此後就只能讓步到底。
兩個孩子清醒著，父母的對話他們全都聽在耳裡。大人入睡之後，漢賽爾起身想到屋外去找白石子，但後母把門鎖住，還把鑰匙藏起來。但是當他回到床邊，還是照常安慰葛麗特說：「別擔心，葛麗特。去睡吧，上帝會看顧我們的。」
隔天一大早，",2
"後母跟上回一樣把孩子叫醒，給他們一人一塊比上次更小的乾麵包。當他們進入森林時，漢賽爾把麵包捏碎，並將麵包屑灑在他們走過的路徑上。他不時停下來，回頭探看是否能看得清楚這些麵包屑。
「漢賽爾，走快一點，」父親說，「別再回頭了。」
「我在看我的鴿子，」漢賽爾說，「牠正站在屋頂上跟我說再見呢。」「笨小子，」他的繼母說，「那不是你的鴿子，那是陽光照在煙囪反射出的
光線。別再找藉口磨蹭了。」",2
"漢賽爾再也沒有回頭，但他還是繼續暗中把口袋裡的麵包碾碎，灑在走過的小徑上。後母不斷催促他們走快一些，他們一行人越走越深入，進入他們此生從未到過的森林。
終於走到一處她滿意的地方，她對孩子說：「就在這裡停下吧！」父親和後母再次生了火，讓孩子舒服地坐在火堆旁取暖。
「來，好好待在這兒坐著，」那女人對孩子說，「我們回來之前不要離開。
我們要煩惱的事已經夠多了，你們倆別再搞丟，給我們添麻煩，",2
"天黑前會回來接
你們。」
孩子一直乖乖地坐在原地，等到他們認為是中午時分，葛麗特拿出他們僅剩的一小塊麵包出來分著吃，因為漢賽爾已經把他的麵包都灑完了。然後他們相繼墜入夢鄉。一整天過去了，沒有人回來接他們。
他們在黑夜裡醒來。「噓，別哭了，」漢賽爾對葛麗特說，「月亮升起的時候，我們就可以沿著麵包屑，找到回家的路了。」
當月光照耀大地，他們四處尋找麵包屑的蹤跡，找半天卻遍尋不著。",2
"原來是森林和田野裡上千隻野鳥，把麵包屑全都啄走了。
「我們一定可以找到路的，」漢賽爾說。
但是不管他們怎麼找，即便已經走了一天一夜，就是找不到離開森林的路，兩兄妹在森林裡迷路了。
除了累，他們也餓得頭昏眼花，因為除了幾顆在森林裡發現的漿果之外，他們什麼都沒吃。這時的他們實在太累了，只好隨意找棵樹，躺下來倒頭就睡。第三天早晨當兄妹倆醒來的時候，他們一點力氣也沒有，連站都站不太穩，",2
"而且他們依舊深陷林中，不知道自己身在何處。如果不馬上求救，他們必死無疑。
正午的時候，他們看到一隻雪白色鳥兒，高坐枝頭。牠的歌聲美極了，所以兄妹倆忍不住停下來聽。唱完，牠又飛往另一個枝頭，他們也緊跟著鳥兒，等牠停穩後，又開始放聲高歌，然後又飛往更遠的枝頭停歇。牠移動的速度比孩子們走的還快，好似在引導他們往某處前進。
追趕到最後，他們發現眼前佇立著一座小屋。鳥兒就停在小屋的屋頂上。這",2
"屋頂看起來有些奇怪・事實上.......
「屋頂是用蛋糕做的！」漢賽爾說。
至於那些牆壁......
「是用麵包做的！」葛麗特說。
而那些窗戶，可是用糖霜做的呢。
這兩個可憐的孩子們實在太餓了，還沒來得及敲門獲得屋主的首肯，他們就忙不迭地吃了起來。漢賽爾撕下一片蛋糕屋頂，葛麗特則敲破一塊甜窗戶，他們就地坐下，狼吞虎嚥吃了起來。
他們吃了好幾大口之後，就聽到從屋子裡傳來輕柔的聲音：
啃吧，啃吧，",2
"小老鼠，誰在啃我的糖果屋？
孩子們回答：是風，是狂野的風，是天堂裡的幸運童。
他們繼續吃，因為他們實在餓壞了。漢賽爾非常喜愛屋頂蛋糕的滋味，所以他又撕了一條像他的手臂那麼長的屋頂來吃。葛麗特則小心翼翼地推下另一扇甜窗，並開始大口大口的啃食。
突然間，門打開了，一位很老很老的老太婆步履蹣跚地走出來。漢賽爾和葛麗特吃驚極了，馬上停住手邊的動作，盯著老太婆瞧，嘴裡還塞滿食物。
老太婆見他們如此驚慌，",2
"立刻搖搖頭說：「不要害怕，我親愛的孩子！是誰帶你們來這裡的？進來休息吧，我的小甜心，屋裡還有好多小巧的糖果盒，等著安慰你們疲憊的身心，這裡就像家一樣安全！」
她慈愛地捏捏他們的臉頰，並牽著他們的手，把他們領進屋裡。屋裡早已擺好兩套餐具，好似她早就知曉他們的到來。老太婆拿出牛奶給他們喝，後來又端出加了糖、香料、蘋果和榛果的煎餅來款待他們，真是美味無比的一餐。
老太婆讓他們吃飽喝足之後，",2
"帶兄妹倆到一間小巧的臥房，那裡已經準備好兩張小床，床上鋪著雪白的床單。漢賽爾和葛麗特感覺自己有如置身天堂，上了床之後，很快就進入夢鄉。
然而，老太婆的友善是偽裝給孩子看的，其實她是個邪惡的巫婆，那座美味可口的糖果屋，完全是她為了吸引小孩而設下的圈套。一旦她成功吸引小孩上門，不管是男孩或是女孩，她都會把他們殺害，再煮來吃，讓自己飽餐一頓。就像其他的巫婆一樣，她的一雙紅眼看不清楚遠的事物，",2
"但她有靈敏的嗅覺，只要一有人類靠近，她就聞得出來。當漢賽爾和葛麗特開心地鑽進被窩，她也搓揉她那長滿瘤的枯乾雙手，不懷好意地狂笑。
「又有兩個小孩自投羅網了，」她嘎嘎地笑著，「我不會讓他們逃出我的手掌心。」
第二天清早她等不及走去孩子的臥房，看著他們熟睡，她得努力克制自己，不伸手去摸那紅通通、圓滾滾的小臉頰。
「看起來真好吃！」她想著。
她將漢賽爾從床上一把抓起，在他還來不及發出求救聲之前，",2
"就把他拖到屋外的工具棚裡，關進一口大籠子。他在籠子裡大聲求救，但沒有人聽到。
然後巫婆回到屋裡把熟睡的葛麗特搖醒，「起床了，你這懶丫頭！快去弄些井水，燒菜給你哥吃。他在工具棚裡。我要妳把他養胖一點，等他長得肥嘟嘟，我就要吃掉他。」
葛麗特聽了驚慌地哭了，但是哭也沒用，因為她眼下別無選擇，只能聽從巫婆的指令行事。於是漢賽爾每天都吃著豐盛美味的食物，而可憐的葛麗特卻只能以蝦殼裹腹度日。",2
"每天早上巫婆都會挂著柺杖，一跛一跛地走到工具棚，對籠裡的漢賽爾說：
「小子，把手指伸出來，我要看看你夠胖了沒。」
聰明的漢賽爾早想出因應之道：他從籠子裡伸出一根骨頭，讓視力不佳的巫婆誤以為那是他的手指。所以巫婆總是很納悶，為何漢賽爾老是瘦巴巴不長肉。
四個星期過去了，漢賽爾依舊瘦骨嶙峋，但巫婆一想到他紅通通、圓滾滾的臉頰，決定不再等待，她對葛麗特吼道：「喂！去井裡多打些水，水裝在大鍋子裡，",2
"放到火爐上煮滾。不管你哥哥是胖是瘦，骨瘦如柴還是白白胖胖，我不想再等了，明天我就要把他煮熟，拿來當燉肉吃。」
多可憐的葛麗特！她傷心地哭了起來，但是她還是得聽命於巫婆，迫不得已去提水。「親愛的上帝，救救我們吧！」她啜泣著說，「要是在森林裡被野獸吃了，我們至少還能死在一起。」
「你別再哀嚎了，」巫婆說，「現在誰也幫不了妳。」第二天一大早，葛麗特就得到外頭架鍋子生火。
「我們先烤麵包，」巫婆說，",2
"「我已經把麵糰揉好了。妳去看看火燒得夠不夠熱。」
她把可憐的葛麗特拖到大烤爐前，爐火燒得旺，熊熊烈焰竄出鐵爐門。
「妳爬進去看看爐火夠不夠熱，」巫婆厲聲地說，「快給我進去！」巫婆的如意算盤，當然是想等葛麗特進去之後關上爐門，把她也烤來吃。但是葛麗特察覺到巫婆的意圖，所以她說：「我不懂。妳要我進去爐子裡？怎麼可能鑽得進去呢？」
「蠢丫頭，」巫婆說，「走開，我來示範給妳看。這麼簡單也不會。」她彎下腰，",2
"把頭伸進爐門，葛麗特見狀立即用力推巫婆一把，老太婆重心不穩，踉蹌地跌進爐子裡。葛麗特趕緊把爐門關起來，用鐵桿門住爐門。爐子裡傳來可怕淒厲的尖叫聲，葛麗特蓋住耳朵，死命地往外跑。巫婆就這樣被活活燒死。
葛麗特跑到屋外的工具棚，大聲地喊著：「漢賽爾，我們得救了！那個老巫婆死了！」
門一開，漢賽爾就像出了籠的小鳥般，開心地蹦出籠子。他們倆簡直欣喜若狂，他們張開雙臂，熱情相擁，又是互吻臉頰，",3
"又是高興地跳上跳下。他們終於無須再恐懼。他們跑回巫婆的小屋，看到屋裡各個角落都堆放著一箱箱珍貴的寶石。
「這比鵝卵石好多了，」漢賽爾說著，一邊掏了一些到口袋裡。
「我也來拿一些，」葛麗特把寶石放進圍裙，直到裝滿。
「現在我們該走了，」漢賽爾說，「讓我們離開這片巫婆住的森林吧！」走了幾個小時之後，他們來到一座大湖。
「我們過不去了，」漢賽爾說，「我沒看到湖上有橋。」
「我也沒看到船。咦，你看！",2
"」葛麗特說，「那邊有一隻白鴨，我來問問她，可不可以載我們過湖。」她對著白鴨大喊：
小白鴨呀小白鴨，請你好心來幫忙，水深，水廣，水又冷，你的白背載過湖。
小白鴨游向他們，漢賽爾馬上爬上牠的白背。
「快上來，葛麗特！」他說，「過來跟我一起坐。」
「不，」葛麗特說，「這對小鴨子來說太重了，我們應該一個一個過去才
對。」
這隻善良的鴨子這麼做了，他們平安抵達對岸之後，又走了一會兒，",2
"附近的林子就漸漸熟悉起來。終於他們遠遠望見父親的小屋，他們飛奔過去，衝進屋裡，緊緊摟住爸爸的脖子。
這個男人自從把孩子丟在森林之後，沒有一刻快活過。後來他的妻子也死了，他便孤苦無依的生活，而且日子過得窮愁潦倒。現在葛麗特把圍裙一抖開，所有的珠寶散落一地，漢賽爾也從口袋將寶石一把一把往外扔。
他們的苦難終於結束，他們自此過著幸福愉快的日子。
老鼠逃跑，故事終了，
如果你逮到了牠，替自己做頂毛皮帽。",3
"「哇！盪得好高！」在大家的歡呼聲中，穿著魯凱族服飾的新娘，站在秋千上。新郎一次次的來回拉動搖盪，新娘身上的飾品和百合花頭飾，叮叮噹噹的，好像為她的美麗歡呼。
新娘是表姐的同事，請我們來做客。這是我第一次參加魯凱族的婚禮，覺得很新奇。會場上，傳出歡樂的歌聲，秋千盪得越高，代表新娘越勇敢。勇敢的新娘得到大家的祝福與讚賞，她的笑容也越來越美。
盪秋千結束後，新人先喝連杯酒，再一一向大家敬酒。接著，",2
跳舞的活動開始了，我也跟著又唱又跳，和大家手拉著手，在歌舞聲中，一起祝福新人。忽然，有人驚呼新娘不見了。原來，這是「藏新娘」的習俗。新娘被藏在部落裡，新郎再帶著親友，熱熱鬧鬧的找回新娘。表姐說：「有了這些安排，希望新郎學會更愛惜新娘！」我才明白，這場婚禮正表現出魯凱族人愛家、互助的傳統精神。活動一直進行到深夜，歡樂的婚禮，才畫上美麗的句點。,2
"刈包（虎咬豬）
刈包即是中國其他菜系所稱之「荷葉夾」，因為其麵皮蒸好的形狀如同虎嘴，裡面包滿豬五花肉，因此在臺灣又被稱為「虎咬豬」。荷葉夾常見於大餐廳，而刈包在臺灣則常見於大街小巷的小吃攤，通常賣刈包的小吃攤也會賣四神湯。",3
傍晚，我才走到家門口，便聽見屋裡傳來渾厚有力的歌聲：「身騎白馬走三關，改換素衣回中原……。」原來是為了參加歌仔戲公演的阿嬤，又在加緊練唱了。阿嬤經常提起，童年時代的她，很喜歡跟著大人到廟口看野臺歌仔戲，對於演員優美的唱腔和華麗的戲服，總是著迷不已。所以，時常找來三五好友，披著花色的被單當戲服，一個演小生，一個扮花旦，其他的人就充當丑角或別的角色，一場精彩的歌仔戲就這樣熱熱鬧鬧的上演了。現在的阿嬤，,3
除了喜歡看歌仔戲，還參加社區大學的「歌仔戲研習班」，開始研究歌仔戲，也正式學唱歌仔戲。我走進客廳，只見阿嬤一邊繞著客廳遊走，一邊拿著雞毛撢子比畫著。看到這有趣的情景，我忍不住笑了出來，可是，阿嬤卻正經八百的說：「我正騎著快馬在趕路呢！」原來歌仔戲常常運用道具做象徵性的表演。這時，阿嬤手中的雞毛撢子就代表一匹高大的駿馬呢！看到阿嬤架勢十足的騎馬姿態，我想，這應該就是她常說的身段表演。,2
阿嬤一邊做著動作，一邊唱著「七字調」。等她一唱完，我急忙拍手叫好，並說：「如果再加上配樂，那就更妙了。」阿嬤好像找到知音，很興奮的說：「對啊！等我們正式上臺表演的時候，就會有人使用月琴和大鼓等樂器來伴奏，讓我們的演出更有看頭呢！」「阿嬤，您這次的演出要背劇本嗎？」我好奇的問。「唉呀！我現在年紀大了，根本記不住劇本的內容。所以，我們這次的演出是不用背劇本的，都由一位專門的老師來指導和講解劇情，,2
再靠一次又一次的練習來熟悉演出的內容。」「演出那天，您會化妝嗎？」我繼續追問。阿嬤立刻神采飛揚的說：「當然會啊！而且還要化濃妝，這樣才能凸顯五官，好讓觀眾可以看清楚我們的扮相和表情。」聽阿嬤娓娓談起歌仔戲的種種，我除了好奇的想深入去探究歌仔戲的世界，同時，也盼望著公演的日子趕快到來。我要專心的看完整場戲，做一個最忠實的小觀眾。,2
"原鄉慶典
臺灣原住民包括阿美族、泰雅族、卑南族、布農族、排灣族、達悟族（雅美族）、魯凱族、鄒族、賽夏族、邵族、噶瑪蘭族、太魯閣族、撒奇萊雅族、賽德克族、卡那卡那富族及拉阿魯哇族等16大族群，每個部族都要重要慶典，藉由祭典、儀式、歌舞、競技等來表達對天地鬼神的崇敬。又因各族群間的傳統習俗和生活方式不同，而衍生出各式各樣的祭典風貌。
鄒族-戰祭
戰祭（Mayasvi瑪雅斯比）是鄒族部落中最神聖的祭典，",3
"約在每年2月份左右。鄒族的戰祭又有「凱旋祭」、「人頭祭」、「敵首祭」、「迎神祭」等之說法，其主要供奉征戰之神，即戰神和司命神，除向其祈求戰力外，也藉此求得神靈的庇祐，並含有激勵族人士氣的功用。
布農族-打耳祭
打耳祭是布農族一年中最重要的祭典，約在每年4月下旬至5月初舉行，傳統的「打耳祭」，在祭典舉行前，成年男子都必須上山打獵，將獵物的耳朵割下掛在木架或樹枝上，讓全村的男子輪流用弓箭射擊；",3
"而年幼的孩子則由父兄陪伴，到場中練習射擊，如此可訓練他們日後變成狩獵的高手。布農族人以往射擊鹿耳來祈求農作及狩獵的豐收，近年來，漸漸改射山豬耳替代。
達悟族-飛魚祭
達悟族和飛魚有著密不可分的關係，每年3~7月間飛魚會隨著黑潮而來，帶給蘭嶼達悟族人莫大的豐收。「飛魚祭」是一種獵魚的儀式，約在每年農曆2、3月間舉行。活動內容包含-祈豐魚祭、招魚祭、飛魚收藏祭等階段。
賽夏族-矮靈祭",3
「矮靈祭」是賽夏族最重要的ㄧ項傳統祭典，2年一小祭，10年一大祭，約在農曆10月15日左右農作物收成之後舉行。整個矮靈祭拜過程-告靈、迎靈、會靈、娛靈、送靈等幾個主要儀式，其中尤以迎靈最神聖，只容許賽夏族人參與（一般遊客只能參加會靈及娛靈兩種儀式）。,3
"﻿我是行人的好朋友，天天站在馬路口，引導人們走過行人穿越道 。 我會配合倒數計時，展現活潑的身手，身體還會發出閃亮的綠色光芒，因此大家都叫我「小綠人」。我還有一個好同伴──小紅人，我們一起守護行人的安全。
我喜歡欣賞路口的風光。今天早晨，我正在休息時，突然聽到兩個小朋友的交談聲。小男孩說：「你看，現在小紅人立正站好，我們不能過馬路。」小女孩說：「對呀！要等小綠人出現，小綠人是給行人看的綠燈。",2
"」知道他們這麼守秩序，我不由得精神百倍。
終於，換我上場了！我邁出不疾不徐的步伐，抬頭挺胸的引導行人往前走。倒數快結束了！我開始快步走，他們也跟著加快腳步。時間到！大家都安全的穿越馬路，我真想歡呼。
不管白天或夜晚，不管晴天或雨天我總是認真的守護著行人。每個人都能夠快快樂樂的出門，平平安安的回家，就是我最大的心願。
偷偷告訴你，在某些地方，我還會打扮成不同的造型。以後走在路上，",2
也許你會看到不一樣的小綠人。,1
"元宵節
農曆1月15日是元宵節，俗稱「小過年」，也是傳統春節的最後一天，其熱鬧的程度僅次於農曆春節，是臺灣最熱鬧的大型傳統文化節慶。全國各地張燈結綵熱鬧地舉行燈會慶元宵活動，吃元宵含有團圓的意義唷！
臺灣熱鬧的元宵節，各地都有特別又熱鬧的活動唷！ 包括臺灣燈會、平溪天燈、臺東炸寒單、臺南鹽水蜂炮等活動都是最受國際觀光客喜愛的臺灣節慶呢！
臺灣燈會
臺灣燈會是元宵節最具國際化的節慶盛事，",2
"每年燈會主題均以該年生肖為主題之外，融入全臺的鄉土民情以花燈呈現，並透過與學校單位合作，加入民眾創意共同創作，輔以副燈、祈福燈區、歡樂燈區等多元花燈藝術展區，燈會開幕當天更有來自國內外團體參與演出，精采萬分，主辦單位每年配合生肖都會推出一款「生肖小提燈」，是大小朋友排隊人氣小禮物喔！
平溪放天燈
天燈相傳起源於三國時代的諸葛亮所發明，為了傳遞軍情，利用熱氣上升原理製作天燈飄浮於空中，",4
"也因為形狀類似孔明所戴的帽子，因而天燈又名孔明燈，逐漸流傳至民間，是許願祈福的代表。
天燈在新北市平溪地區施放的由來，相傳早期居民因地處偏僻山區，有盜匪作亂，避難山中，待危機過後，以天燈當作信號，通報村民返家。爾後，放天燈的儀式卻保留下來，成為地方民俗，是祈福納喜的象徵。每年元宵節，天燈帶著眾人的祈願飛向天際，「千燈齊放」的風景相當壯觀美麗。
鹽水蜂炮
相傳清朝時期，臺南市鹽水一帶瘟疫疾病流行，",4
"故傳祈求關聖帝君顯威靈、出巡遶境，從農曆1月13日至1月15日一連三天，所到之處，百姓施放煙火鞭炮，藉以去除瘟疫，此後，鹽水區一帶果然歸於安寧。百姓為感念關聖帝君的神威，每年元宵節當天燃放煙火，並舉行「關帝遶境」。放煙火的習俗傳承至今，鹽水蜂炮提前在元宵節前夜（農曆1月14日）開始施放，當神轎抵達時，附近商家、住戶蜂擁而上將蜂炮抬出點燃，一時飛炮沖天，將鹽水區化做一座不夜城。
炸寒單",4
"「寒單爺出巡」是臺東市重要元宵節活動，對於當必民眾而言，就是「迎接財神爺」喔！
相傳寒單爺，是封神榜中，管天庫、善聚財的武財神趙公明，所以一出巡，大家爭相迎接討吉利，祂生性怕冷，所以又稱寒單爺。元宵節這天，臺東市各寺廟眾神齊聚繞境，家家戶戶不只準備香案祈福，一串串鞭炮，更是迎寒單爺所不可少的。扮這位財神爺的人，頭上紮著頭巾並蒙著臉，身上僅穿件紅色短褲，赤裸上身，接受民眾鞭炮轟擊。",3
為什麼用鞭炮轟擊呢？這有二種說法，其一是寒單爺係「流氓神」，鞭炮聲愈震身，愈意氣飛揚，同時也象徵不滿情緒之宣洩；另一種說法較不普遍，即生性怕寒的財神爺，唯有以熱呼呼的「炮火」為祂驅寒，才能獲得財神爺的關愛。,3
﻿從前有一個商人，他有一顆像小酒杯那麼大的寶石，非常貴重。有一次，他要到很遠的地方去做生意，擔心路上會遇到強盜，所以不敢把寶石帶在身邊。他想了一想，去找一個開珠寶店的朋友，託他保管這一顆寶石。那位朋友滿口答應了，說：「你儘管放心。東西存在我的保險箱裡，一定不會丟的！」商人向珠寶店老板道了謝，就高高興興的出門去了。半年以後，商人平安回家了。他安頓好行李，頭一件事就是去找珠寶店老闆，要把那顆寶石拿回,2
"想不到珠寶店的老闆，裝出一副很驚訝的表情說：「那顆寶石，你不是早已經取回去了嗎？怎麼又來跟我要呢？好在我這裡有一本存物冊子，大家可以查一查，免得鬧翻了臉。」說著，就拿出存物冊子來，指給商人看，嘴裡一邊說著：「三月二十四日，你已經把寶石取走了。不但這冊子上記得清清楚楚，並且我還有證人呢！記得那一天，我這裡還有一個裁縫和一個朋友在一起喝酒。他們都親眼看到的，可以出來做證人。」
商人聽完，氣極了，",2
"可是自己當初也沒有向老板要什麼收據，吵下去也沒有用。他知道
珠寶店商老板存心賴他那一顆寶石，決定到法院去告他。
法官是一個很能幹的人。他聽完了兩邊的話，就要珠寶店老板去把兩個證人也請了來。
法官對他們四個人說：「你們都見過那顆寶石，走廊那邊有四個空房間，房間裡有桌子，桌子上有黏土。你們一人在一個房間裡，用那些黏土把那顆寶石的形狀大小，做個模型來給我看看。現在就請吧！」
不久，四個模型都做好了。",2
商人和珠寶店老闆做的，形狀大小都差不多。但是那兩個證人做的，一個只有一顆黃豆那麼大，一個大得像茶杯。法官看了，就對珠寶店老闆說：「這兩個證人根本沒見過那顆寶石，你約他們出來做假見證，根本是存心私吞人家的寶石。你有罪！」珠寶店老板沒話說，只好認了罪，把那顆大寶石還給商人。,2
"雞蛋糕
一種常在臺灣街頭販賣的零嘴，類似香港小吃雞蛋仔但口味與形狀又不完全相同。相傳雞蛋仔起源於1950年代，有雜貨店老闆為了不浪費破裂的蛋，遂嘗試加入麵粉、牛油等配料弄成漿狀，再經倒模烘烤而成。現烤雞蛋糕是伴隨我們長大的小點心，嘴饞時總要買幾個來解饞，熱騰騰的雞蛋糕，還透著濃濃雞蛋香與牛奶香，烤得金黃酥脆的雞蛋糕，香味總是讓人懷念，內餡鬆軟口感綿密，不變的好味道，隨時隨地都可以來一包。",2
一般人常說施比受更有福，但是施與受之間往往是一線之隔。通常，人們也許寄望今日施一分誠意，他日能受一分福緣，而這種對等關係的確維繫現代人部分的人際關係。但是，有時候施的背景後有著更深的關懷，受的內心又有著至情的感念。平日，我搭公車上下班，只要身體狀況許可，見了老弱婦孺都能挺身讓座，目的無他，只求異時、異地，當我雙親搭車時也能遇上慈愛之人起身讓座。一日，我照例擠在一群上班族中搭公車上班，,3
由於起站時已是滿座，因此到了我這一站也只有站著上班去。此時，身旁正站著一位吃力拄著拐杖的年輕人，而眼前的博愛座正坐著一位身強體健的青年，也許是不忍人之心興起，很想提醒這位青年讓座。正當此時，一股莫名的羞澀感阻止我開口，剛要發言的口應時緊閉。正在矛盾的當兒，不遠處一位娟秀少女起身讓座，頓時解決了我的問題。正當我慶幸免去尷尬處境時，我見到娟秀的身影一跛一跛的漸踱到我的面前，而一個遲鈍而緩慢的步伐篤！,3
篤！的挪向剛騰出來的空位。霎時，我的頭有點昏眩，眼前一陣模糊，我為自己薄弱的道德勇氣而自責，同時，也為眼前的那一幕而暗自稱幸，人性固然有些許黑暗面，但是仍有空谷跫音般的美事。以那位少女立場來說，也許她擁有許多需要他人施的條件。但是，今天她卻能在自己有限的條件下，把關懷給予最需要的人，施與受對她而言，已不是字面上單純的協助了，而是提昇了人性的光輝。在有能力之時給予，固然值得吾人喝采，但是，,3
在屋漏時卻能借人一個屋簷避雨，不也是至上的真情？這正是雪中送炭較錦上添花來得芬芳，彌足珍貴。無論我們握有多少財富，貴在為人的真誠，正如無論我們手中掬有多少朵鮮花，只要我們願意將花送給需要花的人，花的芬芳不僅盈袖，更遠播他處。我相信送花的手比接花的手來得芬芳！,2
"端午節
端午節相傳是為了紀念「屈原」，屈原是戰國時代楚國人，忠心愛國，無奈楚王卻聽信奸臣的話，屈原感到失望，就投汩羅江自盡。屈原投江後，居民為了不讓跳下汨羅江的屈原屍體被魚蝦吃掉，所以在江裡投下許多用竹葉包裹的米食（粽子），並且競相划船（賽龍舟）希望找到屈原的屍體。
端午節最普遍的習俗包括「划龍舟」和「吃粽子」，而小朋友們則是「配戴香包」、「玩立蛋」。
賽龍舟是目前國內著名的觀光活動之一，",3
全臺各地（如臺北新店碧潭及基隆河、宜蘭縣冬山河、高雄市愛河等）每年都有大型龍舟競賽十分熱鬧。,2
"大腸包小腸
在臺灣簡單又能飽足的一種特殊小吃，就是將體積較大的糯米腸切開後，再夾住體積較小的臺式香腸，再用炭火或爐火烤熟，即成為「大腸包小腸」。臺灣某些地區的夜市也會提供豪華版本的大腸包小腸，除了香腸之外，還會加上各種配料，如香菜、花生粉、臺式酸菜、生大蒜、九層塔等，淋上些醬料一起大口咬下，香噴噴、熱騰騰，創造更豐富的口味及口感，大大滿足民眾的味蕾。",3
有一回，我從學校下課要趕往電臺錄音。上車沒多久，計程車司機即回過頭來問我：妳是建中老師？當我點頭答是時，司機先生竟又緊接著問：老師有幾個孩子？功課好不好？兒子國小三年級，他們不排名次的；女兒念六年級，班上四十五個同學，上次月考她排名三十二！我才一說完，只見司機先生高興得呵呵大笑，雙手拍著駕駛盤叫：真的？妳是老師吔！妳的孩也才考三十多名？說實在，我今天回家本來是準備要修理我那兒子的，,2
這次他退步到二十名，不過連建中老師的孩子都會考三十二名，我想我回家就不打他了。霎時，我的心真是百感交集。提到成績分數排行榜，我想對無數的莘莘學子而言，始終是個難以擺脫的夢魘；就許多父母來說，更常是心頭沈重的負荷。一個從小百考百勝的孩子，就注定是前途光明嗎？一個一路以第一志願學校前進的孩子，就真可獲取人生幸福嗎？在教學的行路上，我看過太多孩子成長的故事。有人向來念資優班，輕輕鬆鬆上了理想大學科系，,2
卻因玩得太兇，只好念了一半就被當出校園。也有人平凡踏實，從無天才模樣，卻是念得愈來愈順暢。父母的信心，就是孩子成長最好的力量，這是我每次在演講中，最喜歡送給爸爸媽媽的話。說真的，每個孩子心智開竅時間各有急緩先後；一張小小的成績單，又怎能全然顯現孩子的才情？孩子成長的路才正漫長，只要對他有愛有信心，又何必擔心他現在第幾名？,2
"灌蟋蟀
陳幸蕙
小時候，最愛和爸爸去灌蟋蟀。夏天的午後，接近傍晚，爸爸說：「要不要去灌蟋蟀？」「好哇！」我們全部跳起來，全部贊成。於是大家分頭去準備工具，工具很簡單，一把鏟子，一個水桶，幾個罐頭的空罐子就是了；當然，還要一個有蓋子的罐子，是用來裝蟋蟀的。
我們常去的地方是學校操場邊的大樹下，或是自來水廠的木麻黃樹下。學校的蟋蟀少，蚊子少；水廠的蟋蟀多，蚊子也多，通常是爸爸走，我們就跟，",2
"小孩子沒意見，有得玩兒就好了。
爸爸都是負責提水，我們先去尋找蟋蟀的家，蟋蟀的家上面會有一堆鬆軟的土，把土撥開，會有個洞；爸爸把水提來以後，我們就拿罐子裝水，輪流把水灌進洞裡去。我們灌水的時候，是非常小心的，要對準蟋蟀的家，免得浪費水，而且不能講話，因為一講話，蟋蟀聽到，可能就不出來了。
通常，蟋蟀到了家門口，會停頓一下，這時候，我們會緊張的盯著牠看，深怕牠不出來，弟弟年紀小，沉不住氣，",2
"常會拿鏟子給爸爸，爸爸輕輕一挖，蟋蟀就出來了，不論蟋蟀的大小，我們都會高興了好久。有時候，從這個洞灌水，蟋蟀卻從另外一個洞跑出來，很有趣。大一點的蟋蟀有翅膀，還會飛呢！媽媽小時候住鄉下，她說，下大雨後，常有鄉人到田野去抓蟋蟀，抓很多很多，可以炒蒜頭吃，也可以油炸下酒吃。
我們灌來的蟋蟀都養在床底下，牠們常常逃得無影無蹤，弟弟為此哭泣，爸爸就說沒關係，再灌就會有。長大以後，",2
我們知道那種土黃色的蟋蟀叫作「台灣大蟋蟀」，另外有一種蟋蟀是黑色的，會叫又會打架，那要到草叢裡去抓，不是用水灌的。一般人養蟋蟀，都養黑蟋蟀；但是吃蟋蟀，都吃黃蟋蟀。,2
九歲那年的夏天，我和媽媽經常在一起包餃子。那時，媽媽剛從鄰居那兒學了這個手藝回來。一有空，媽媽就自己拌餃子餡、和麵，掛餃子皮、包餃子。媽媽喜歡在我們家的小花園裏包餃子。午後的微風從園子裏那排茉莉吹過來，帶著微微的花香。媽媽仔細的包著餃子，臉上有著快樂的笑容。偶爾，她也會哼唱著一些歌仔戲的短句，聽不懂媽媽唱些什麼，只知道媽媽很喜歡。有時候，還有路過花園的蝴蝶停下來，在媽媽的肩膀上、頭上逗留。,2
那些蝴蝶和我一樣，好奇著媽媽唱的是什麼歌？好奇著媽媽為什麼雙手一捏，就可以把餃子捏成帆船，一艘像要出海的帆船？好奇媽媽為什麼一整個下午捏呀捏的，就可以捏出許多艘排得整整齊齊的船？好奇的我開始跟著媽媽學。第一次學包餃子時，我把媽媽擀好的餃子皮在我小小的手掌上攤開，放上適當的餡，再學著媽媽的手勢，為餃子做摺裙。可是，看得容易，做起來難。餃子總是軟趴趴的，站不起來，而且摺子也沒有捏緊，餡汁溢出來。,2
我很氣餒。媽媽說：「再試一下，你們學校教的那首歌，不就唱著：一試再試做不成，再試一下？」我又試了幾次，餃子還是包不好，東倒西歪的。第一次試包餃子因此備受挫折。反倒是稍後煮水餃時，媽媽看著鍋裏一個個白白胖胖的餃子，先「打撈」出幾個捏成四不像的餃子，興奮的說：「呀！這幾個餃子一看就是你包的，你看！每個餃子上都有你用力捏摺子的手印！很特別噢！」不過，我還是很沮喪，低頭看著那幾個難看的餃子。,2
"蚵仔煎
蚵仔煎源自福建，在臺灣最早的稱作「煎食追」，是以加水後的番薯粉漿包裹蚵仔、豬肉、香菇等食材所煎成的餅狀物。臺灣主要的蚵養殖地在臺南安平、嘉義東石或屏東東港，但現在由於交通運輸發達，即使不在產地，也可以吃到新鮮肥美的蚵仔。",2
"﻿至靠近海邊的地方，有一個小村莊。一天夜裡，颳著大風，下著大雨，村民們很早都上床休息了。到了半夜，忽然一陣轟隆轟隆的炮聲把大家驚醒。原來那一陣聲音是從海上來的，大家都冒著大雨到海灘上去一探究竟。原來有一艘船遇難了，發出信號求救。
村長馬上挑選了八個精壯的青年，叫他們坐著小艇去救那些遇難的人。海上風浪很大，小艇在浪濤裡一上一下的顛著，好不容易才靠近那條大船，把船上的人救了回來。岸上的男女老幼，",2
"都忍不住對這八個勇敢的青年歡呼起來。
村長問起那艘大船的情形，又問船上的人是不是都救出來了。八個年輕人裡，有一個說：「不瞞大家說，船上還有一個人爬到桅杆頂上，手腳都凍僵了，沒辦法下來。風太大，我們也上不去，只好把他留在那裡了。」
村長聽了，就說：「那麼，這最後一個人讓我去救吧。」
村長的老媽媽一聽，立刻阻止他說：「孩子，你歲數不小了，不比他們年輕力壯，千萬不要去。你爸爸就是死在海裡的。",2
"前年你弟弟出海去做生意，到現在也都沒有消息。你要是有個好歹，你的老婆孩子要倚靠誰？我這老太婆要靠誰？」
但是村長很堅決的說：「媽，您也不想想，船上那個人也有媽媽，或許也有老婆孩子，說不定也在等著他活著回家呢。我是這裡的村長，不去救他，怎麼說得過去。您還是讓我去吧！」他也不管別人的阻擋，就跳上小艇，冒著大風大浪，向港外划去。岸上的人都替他擔心，睜大眼睛看著小艇消失在黑暗裡。大家只聽到風聲雨聲，",2
"都不知道小艇的下落。
等了很久，忽然聽到有人大叫說：「村長回來了！」岸上的男人都跳進水裡去接應他。
小艇靠岸了，村長衝到老母跟前，指著小艇裡的人，很興奮的喊：「媽，您猜船上的人是誰？他是失蹤兩年的弟弟呀！我把他救回來了！」村民們聽到這句話，忍不住一邊歡呼，一邊流下感動的眼淚。",2
最近，去看了一場運動會。是由數十所幼稚園合辦的。有一個節目是踩對方以橡皮筋套在足踝上的氣球。時間結束時，氣球破得少的一隊便是贏家。當那一隊隊天真無邪的小孩列好隊準備進場時，我注意到一個年輕的女老師把她的學生們圍攏來，小聲地面授機宜。看她那麼慎重，我覺得非常有趣。可是她看到我在傾聽，臉色卻不大自然。原來，啊！我再也笑不起來了。原來她在指導那些可愛的小天使們作弊。她告訴他們，如果踩不破敵隊的氣球，,2
用指甲掐！而為了讓她手下這些小將們的氣球教對方無從踩起，她把它們拉高到小腿，甚至大腿上！我知道幼稚園與幼稚園之間的競爭很強烈；但是，在運動會中爭取到「好成績」就可以爭取到更多的學生嗎？知名度靠這樣打起來的嗎？或者她這樣做，只因她個人好勝心切？還有一個節目是推輪胎。小娃娃們推著輪胎小跑一個來回，再移交下一個人接著推。幾乎每一個娃娃，人都還沒有跑出去呢，輪胎已被他身後的老師或家長猛推出老遠；,2
他只要跑過去便成。而他還沒跑到對岸，人家又幫他把輪胎推過來了，於是他掉頭再「追」輪胎。……當然，這樣的運動會其實只是遊戲，大人孩子樂成一團似乎也沒有什麼不可。不過，我發現有些守規矩的孩子也懂得氣憤不平了。這樣的「兒戲」會給他們怎樣的啟示呢？要贏過別人必須投機取巧？必須作弊？而那些贏了的孩子，他們真正嘗到了勝利的滋味？其實，人的一生之中，不知道遇到多少挫折和失敗；所以面對失敗的胸襟是必要的。,3
我們教育孩子爭強好勝時，更應該讓他明白：輸並不可恥，可恥的是贏得不正當。輸得起的人才是坦蕩蕩的君子。能從失敗中得到教訓，堅強地重新站起來，才是真正的勝利。,3
"珍珠奶茶
珍珠奶茶是繼泡沫紅茶之後發展出來的創意茶商品。將傳統市場中的粉圓加入奶茶中，喝下香順濃密的奶茶時，同時吃進彈牙的粉圓，創造出意想不到的新口感。由於煮過的白粉圓呈現出漸層的通透感，形狀和顏色都像極了純白透亮的珍珠，因此命名為「珍珠奶茶」，推出後果然深受消費者喜愛。",3
"﻿有一天，國王在為國事煩惱時想到，如果能知道「什麼時刻是做事情的最佳時機？」「什麼人是最重要的人？」「什麼事情最重要？」這三個問題的答案，就能避免失敗，成為一個更好的人。
要是誰能說出這三個問題的答案，國王重重有賞。許多飽學之士聞風而來，儘管每個人都對這三個問題提出自己的看法，但是沒有一個能讓國王滿意。
為了得到更好的答案，國王決定到森林裡請教一位聰明絕頂的隱士。在山路上，國王換上平民的服裝，",2
"留下隨從，獨自前往拜訪。
到了隱士的住所，國王看見隱士正在茅屋前鬆土。國王上前跟他打了招呼，並請教這三個問題。
「睿智的隱士，我想請教您三個問題：什麼時刻是做事情的最佳時機？什麼人是最重要的人？
什麼事情最重要？」
隱士聽完，一言不發，只是繼續鬆土。國王看他身體瘦弱，便想幫助他。
「您休息一下吧！把鏟子給我，我來幫您。」國王從隱士手中接過鏟子。
「謝謝。」隱士坐在一旁休息。
國王鬆了兩塊苗床後，",2
"又問一次，隱士仍然沒有回答。
到夕陽西下，國王又對他說 ：「如果您無法回答這三個問題，請明白告訴我，我就不打擾您了。」
這時，隱士突然說：「你聽，有人往這裡跑來了！」
只見一個大鬍子男人從森林裡跑出來，他受了重傷，不久就倒在地上虛弱的呻深吟。國王與隱士一起把男人抬進屋裡，讓他躺在床上。他們同心協力解開他的衣服，為他止血、包紮傷口、餵他喝水，直到黑夜來臨。
忙了一天，國王感到十分疲累，",2
"於是坐在門檻上便沉沉睡去。
隔天醒來，那個躺在床上的男人聲音微弱的說：「請原諒我！」
「為什麼要我原諒你？」國王問。
男人回答：「我是您的敵人，您曾責罰我的兄弟、沒收我的財產，我發誓要報仇。昨天我跟蹤您，想對您不利，不料路上遇到您的侍衛，他們認出我，拔刀砍傷我。如果不是您救了我，我早就沒命了！」
國王很高興能與男人和解，不只原諒了他，更派人護送他回家。
回王宮前，國王再去找隱士，",2
"想知道隱士能不能給他三個問題的答案。
我已經回答你了呀！昨天你同情我、幫我翻土，而免於遭到那個男人的攻擊——你翻土的時候，就是最重要的時刻，最重要的人就是我，最重要的事就是你善意的幫助我。」
隱士又說：「當那個男人出現的時候，最重要的時刻就是你救他的時候，最重要的人就是他，最重要的事就是你為他所做的一切。」
隱士看著國王，繼續說：「你要記住，最重要的時刻，是眼前的這一刻；最重要的人，",2
"是當下在你身邊的人；最重要的事，是你替他們做的好事。如果能了解這些道理，你就能得到更多的愛戴。」
國王聽完豁然開朗，誠心向隱士道謝後離去。",2
"雞排
臺灣雞排每年求新求變，研創出各種特殊的口味與烹調手法，灑在雞排上的調味料也變化多元，除傳統的胡椒粉外，還新增海苔、芥末、辣椒、梅子等。也研發不同雞排的醃漬方法，如以蜂蜜為基底的蜜汁雞排，或是以中藥調味的雞排，是臺灣最夯的國民美食之一，也是夜市不容錯過的臺灣小吃之一。做法以獨家配方醃製雞排?上酥脆粉，下鍋油炸至金黃油亮，亦有再以炭火燒烤，搭配酥、香、脆的外皮，香氣溢滿的肉汁瞬間在口中散開。",3
"﻿狼先生和狐狸先生，商量要吃小兔子。他們知道小兔子「貝貝」非常聰明伶俐，跑得又快，如果不想出特別巧妙的方法，是捉不到他的。
有一天，狐狸先生告訴狼先生說：「我想到一個好辦法，只要你完全依我的話去做，今天晚上就可以吃到兔子肉了。」狼先生聽了，就流下口水來，說：「怎麼提他，快告訴我呀！」狐狸先生說：「我的計畫是這樣的：你去貝貝家，告訴他說我死了。貝貝這個小淘氣聽了，一定會跑來看我死了是什麼樣子。",2
"我就躺在床上裝死。等貝貝走近了，你喊一二三，我們合力把他捉住。那時候，你就有半碗兔子肉吃了。」
狼先生聽了，高興得跳起舞來，隨手抓了一頂帽子，就到貝貝家去了。狼先生說：「貝貝，你聽說那位可憐的狐狸先生的消息嗎？」小兔子說：「沒有哇，我好久沒見到他了。」狼先生揉揉眼睛說：「可憐哪！他已經死了。」說完，就哭哭啼啼的走了。
貝貝想：「狐狸死了是什麼子？我還沒見過死狐狸呢，應該去看看。」他抓二話不說，",2
"馬上趕到狐狸先生家去。他先站在窗外看了看，看到狐狸先生靜靜的躺在床上，一動也不動。狼先生坐在床邊的椅子上，兩隻大眼睛亂轉。
貝貝覺得屋子裡的氣氛，不大像是死了人的樣子，就走到門邊再去看看。門邊離狐狸的床還有幾步路，還是看不清楚。貝貝想了一想，自言自語的說：「奇怪，人家說死狐狸的嘴是張開的。這隻死狐狸的嘴怎麼閉得那麼緊呢？」
狐狸先生在床上聽到了，趕緊把嘴張開了一點。貝貝偷偷看過去，笑了一笑，",2
"對狼先生說：「你們一個撒謊，一個裝死，我才不上當呢！」就飛也似的逃走了。
這一次，狐狸先生的計畫又失敗了。",2
約二十年前，有一名發瘋的男子，衝進台北市螢橋國小的教室，手拎著一大桶硫酸，不分青紅皂白地，就把硫酸潑向一羣小學生。當時全班小朋友被嚇得哇哇大叫，其中，八歲的官聲彥小朋友，更是用手摀住雙眼，痛得滾叫在地。官聲彥不僅皮膚被硫酸灼傷，雙眼更是因此永久失明，右耳也失聰，只有左耳尚有聽覺。一個聰明、乖巧、可愛的小男孩，早上高高興興地去上學，怎料在還沒放學時，就被送到醫院急診室，而且眼睛瞎了，耳朵聽不見了？,2
天哪，怎會這樣？這對任何人來說，都是無法接受的殘酷事實！是的，兒子已經永遠失明，怎麼辦？官聲彥的爸媽，在哭乾所有眼淚後，勇敢地接受事實、站了起來，帶著官聲彥前往美國求醫，並安排他在美國接受教育。可是，英語對官聲彥來說，是個全新的語言啊，他看不見，耳朵又聾了一個，怎麼唸書呀？儘管命運如此捉弄官聲彥，但他仍然靠著點字機，用心學習、勤奮苦讀，絕不讓自己被噩運擊倒！您知道嗎，官聲彥於一九九五年，,2
從舊金山市麥卡蒂高中畢業時，學業總成績名列第一名！也因此，他代表所有畢業生上台致詞，而且，還拿到兩萬美元的獎學金，進入加州柏克萊大學社會系就讀。面對身體上的多重殘障，官聲彥必須自己一一去克服！他住在學校附近的學生公寓，每天靠著盲人枴杖與記憶，獨自來往於校園之間的各幢建築和圖書館；可是大學中沒有點字教科書，官聲彥必須靠校方聘請專人，將教授指定的教材和教科書，錄製成錄音帶，緩慢地吸收、學習。柏克萊，,3
是全世界學子嚮往的名校，能在那兒唸書的學生，都是一流聰明的高材生；而官聲彥，一個又盲又半失聰的孩子，能挺得住、能熬得過那繁重的課業嗎？苦讀、苦讀、再苦讀——官聲彥說，這是他唸書的不二法門！五年的時光，終於過去了。去年，官聲彥與另外兩百名社會系學生，穿上學士袍，在柏克萊校園拿到了大學文憑；當他拄著盲人枴杖，慢慢走上台時，在場所有師生都報以熱烈掌聲、久久不息！,3
而專程前往美國參加盛會的爸爸、媽媽、祖父、祖母和外婆，眼中莫不流出喜樂的淚水——聲彥，這心愛的乖孩子，終於大學畢業了！事實上，官聲彥可以說是一個堅持不讓夢想墜落的年輕人，他的志氣與願力，讓他勇敢朝著既定方向邁進——永不退縮、絕不退怯——這是多麼叫人又敬又佩呀！,3
"土魠魚羹
相傳清領時期，福建提督施琅來臺，因嗜吃鰆魚，百姓便將鰆魚稱之為「提督魚」，由於音訛而演變成為今日之「土魠魚」。將新鮮土魠魚切塊，經由獨門醬料醃漬入味、沾粉後下油鍋，油炸至金黃酥脆，香氣四溢，再搭配鮮甜濃稠的羹湯，炸過的土魠魚塊外皮酥香，咬下一口，魚肉鮮嫩多汁，配上味美鮮甜的羹湯，更襯托出土魠魚美味，滿足每張挑剔的嘴。",4
山上最多的樹是油桐樹。現在，正是油桐花開的時候。別的花不過是一樹一樹，或一叢一叢開，最多，也只是一片一片的開而已。油桐樹可不，它是高興怎麼開就怎麼開，開得滿山滿谷都是花。平常翠綠的山，一下子全變白了，好像是那個神仙用仙杖一點，山爺爺馬上把綠袍子脫下來，換一件雪白的衣裳，連帽子和鞋子都是白色的了。因為油桐樹很高，開了花，遠遠望去，就像一頂頂大帽子一樣；而且，花兒不但開得很起勁，落得更痛快，,2
連草叢裡、小路上、小溪裡，甚至小溪的石頭上都鋪滿了花兒。這麼多落花，好像山爺爺不只是穿白花鞋而已，我想，它的衣裳一定跟新娘子的禮服一樣，雪白的裙子拖得又蓬又長，把整座山都蓋住了。每次走過鋪滿了花的小路，都要很小心，因為花兒實在太多、太美了，整條路好像綴滿了美麗可愛的小精靈一樣，實在捨不得踩上去，害我常愣了半天，不知該怎麼走才好。叔叔就教我走路邊有草的地方，因為花兒會順著傾斜的草叢滾到較低的地方，,2
停留在上面的就很少了。我看了一下，果然沒錯，才敢放心大膽的走。半路上，有一段較寬的溪流，上面有許多大大小小的岩石，我們常常在這兒抓小魚小蝦。現在，也落滿油桐花了。這兒的花，和小路上的又不一樣了，甚至更美呢！因為岩石的顏色很深，花兒落在上面，黑白分明，非常好看。溪水是流動的，落在水面上的花兒也跟著流動，就好像流著一條花河。如果有的地方露出空隙來，水光便會像鏡子一樣，一閃一閃的，一朵朵的花兒，,2
就像貼在窗子上的美麗窗花。而且，花的式樣隨著水流不斷的改變，簡直比萬花筒還好看！回來的時候還可以盛著一斗笠的花朵，就是把花兒偷偷的撒在嬸嬸的衣服上，叔叔也不會罵我不禮貌，還一直笑著拍手呢！,2
"欣賞了一場特別的表演後，我們全家人都感動得說不出話來。舞臺上的女孩沒有腳，卻能跳出美妙的舞姿；沒有手掌，也能彈出動人的旋律。我為了認識她，就想辦法找出跳舞女孩的故事。
這位女孩名叫「郭韋齊」，從小就喜歡唱唱跳跳，自得其樂。在七歲那年，因為不明原因的疾病，引發休克，在急救過程中，造成手腳發黑。為了救韋齊的生命，父母只好同意將她的四肢截掉，從此，韋齊的世界完全變了。許多生活上的細節都要重新學習，",2
"沒有手掌，就用兩隻手臂夾住碗；沒有腳掌，就用兩個膝蓋跪著走。慢慢的，生活中的大小事，像吃飯、走路、寫字都能靠自己完成。
不過，韋齊的心裡，始終記得以前跳舞、彈琴的快樂時光，於是在父母的支持下，重新再學習。別人穿鞋跳舞，她用膝蓋穿布套跳；別人用手指彈琴，她用腕骨一個音一個音慢慢敲。雖然練舞、彈琴要忍受手腳的疼痛，她還是堅持不放棄。她知道，即使沒有雙手雙腳，生活一樣可以過得多彩多姿。",2
我喜歡經常微笑的韋齊，她雖然失去了手腳，還是設法克服困難，去做自己喜歡做的事情，這也是最讓我佩服的地方。,2
"﻿張中是一個大商人，專門在塞外的沙漠地帶做生意，他帶了九十隻駱駝和十九個夥計，從關內到庫倫去做買賣。
張中有一個朋友叫李華，正好也想到庫倫去玩。張中知道了很高興，就邀李華一起走。
李華騎了一匹白驢，帶著幾塊黃金，跟隨著商隊出發了。
他們在沙漠裡走了兩天。第三天早上，李華伸手摸摸掛在鞍上的口袋，發現那幾塊黃金不見了。張中知道這件事，就安慰李華：「不要緊，我有辦法，今天晚上一定把黃金還給你。」",2
"天黑以後，大家吃過了飯，張中就召隻十九個夥計到帳篷裡來，跟他們說：「我的好朋友丟了幾塊黃金，到底是誰拿的？」夥計們你看看我，我看看你，沒有一個肯承認。
張中想了一會兒，又對他們說：「我朋友的那一匹白驢，叫做神驢，能夠知道黃金是誰偷的。你們都到隔壁帳篷裡去，按著順序，一個一個去摸摸白驢的尾巴。如果他是清白的，摸了白驢的尾巴，白驢不會叫。只有那偷黃金的人，一摸到白驢的尾巴，白驢就會大叫。那麼，誰是賊，",2
"誰不是賊，就可以弄明白了。」
張中命令一個夥計先進帳篷。幾分鐘以後，夥計回來了，驢沒叫喚。第二個，第三個，一直到第十九個，都進去過了，但是白驢一直沒叫。李華以為事情就這樣完了。但是張中又發出命令，叫十九個夥計排好隊，把手伸出來讓他聞聞。他一個一個聞過去，聞到第十二個，就抓住那個人的手說：「白驢的尾巴是用簿荷水泡過的。人家的手都有薄荷味兒，只有你的手沒有。你怕驢叫，所以不敢摸驢尾巴。黃金是你偷的，",2
好好的拿出來還人家吧！,2
過慣了台北車水馬龍的日子，搬來台中幽靜的鄉下，生活起了很大的變化。充斥耳邊的不是轟隆轟隆的引擎聲，不是忙碌的跫音，而是潺潺的小溪輕唱，落葉翩翩點綴，好像走入一幅圖畫。水遠遠的流過來，蜿蜒成一條細細的溪流，好像母親伸出柔軟的手，輕輕拍撫著農田和果園。溪流的上游，可以看見一朵一朵白色的野薑花，一頭老牛靜靜的躺在河邊，不久野薑花飛上了牛背，仔細一看，原來是白鷺鷥。更多的白鷺鷥飛來了，低低的，,2
遠遠望去好像長了翅膀的野薑花。靜靜的溪水好像QQ的果凍，水面上倒映著樹和山，藍藍的影子是夾心果粒，這是夏天最清涼的薄荷口味。附近的孩子喜歡在溪邊扮家家酒，他們巧妙的把青草綴成一條項鍊，柳枝彎成小小的拱門，牽牛花是新娘的捧花，快快樂樂的在溪邊拜堂辦喜事。這些遊戲一代傳一代，從來不用口語相傳，溪邊是童年織夢的舞台。溪水愛唱歌。清晨露水未乾，初醒的夜間上點點圓露，輕輕走過，總有一兩個露了的音符掉入溪裡，,2
當麻雀在電線杆上唱著五線譜時，一滴兩滴的露水也喚醒了溪水潺潺的歌聲，多嘴的風也來湊熱鬧，穿梭在溪邊林間，紛紛落下的竹葉是觀眾的掌聲，好一場美妙的演奏。太陽露出了笑臉，當他的足跡停留在水面時，風也停止了，所有的花兒、小草都靜悄悄的，等著讓陽光染紅他們的小臉，於是，每一天溪邊都會長出更多璀璨的紅花綠葉。陽光慢慢吻遍溪邊每一個角落，花兒的笑容更加燦爛，水草悠閒的躺在河面享受日光浴，陽光穿越溪水，,3
一閃一閃的波光似魚鱗，哇！魚兒游來了，他們快樂的成群結隊和太陽約會。我最喜歡黃昏時到溪邊，太陽的餘暉把溪水染成金黃色的絲帶。我坐了下來，靜靜的看著天空飛舞的燕子，沒有人知道，我是一隻自由自在的鳥兒，馳騁在自己想像的天空。,2
"﻿小新的媽媽回收一些空瓶罐，準備要做泡菜。「爸爸說過，吃醃漬食物對身體不好，為什麼還要做泡菜呢？」小新疑惑的問。
媽媽一邊切大白菜，一邊回答：「過去，我們以為醃漬過的食物對身體不好。直到看了一些報導，才知道醃漬食物經過發酵，會產生好菌，適量食用，有益腸道健康呢！」
「泡菜看起來真好吃，我口水都快流出來了！」小新興奮的說。「以前的人，如果大白菜生產
過多又賣不掉時，就做成泡菜，",2
"這是一種愛惜食物的方式，也是環保的行為。」媽媽說完，把做好的泡菜裝進罐子裡封好，告訴小新：「要醃上好幾天，讓它入味再來吃，才會美味可口。」
隔天，媽媽發現有一罐泡菜被打開偷吃了，她心裡有數，卻故意開玩笑：「我們家的小貓真厲害，會自己開罐子偷吃呢！」小新知道騙不過媽媽，向媽媽承認：「是我忍不住偷吃了幾口。」
媽媽沒有生氣，還是溫柔看著小新說：「你這隻貪吃的小貓，泡菜雖然好吃，但也不能一次吃太多！",2
"﻿這天早上，王羲之家發生一件大事，潔白的牆壁上，被人寫個大大的「大」字。來來往往的行人交頭接耳，王羲之是位大書法家，究竟是誰這麼大膽，敢在這裡留字？
王羲之把家人找來，一個一個問清楚，才知道是小兒子王獻之寫的字。六歲的王獻之寫出來的「大」字，快要跟自己一樣高。大家都以為他會被處罰，沒想到王羲之卻笑笑的說：「明天起，獻之可以學字了。」
原來，王獻之天天看父親寫字，幾次求父親教他練字，父親不肯，",2
"但他不願放棄，所以才在牆上寫字證明自己長「大」了。後來，有了父親的指導，王獻之學得好用心，即使村裡的孩子約他出門玩，他也不理。
有一次，他正在書房寫字，沒發現父親進來。王羲之看兒子這麼專注，突然抓住他的筆，用力向上一提。如果是一般人，被人這麼一提，毛筆一定被拔走了。然而，毛筆仍然被王獻之牢牢的抓在手裡，他只是嚇一跳，以為自己寫錯字了。
父親拍拍他的頭，高興的說：「你寫字時手中有勁，筆握得牢，",2
只要好好練習，成就一定比我還要好。,2
"牛肉麵
牛肉麵是民國38年（西元1949年）國民政府來臺後，外省老兵為了謀生而發明的地方小吃。將辣豆瓣醬炒過加入牛肉、水及其它食材燉成牛肉湯，與四川的紅燒牛肉相似，但四川的紅燒牛肉為一道菜餚，加入麵條後製成紅燒牛肉麵則是臺灣特有的作法。在香港，牛肉麵加入牛雜；潮洲牛肉麵的滷水口味及色澤較淡；蘭州拉麵則是重湯頭，肉與湯頭分開煮。",3
"豬血糕
臺灣出現豬血糕應該是在二次世界大戰（西元1939年至1945年）結束後，在臺北大稻埕豬隻屠宰場所發展出來的小吃。許多人大清早即趕到屠宰場，向商家討不要的豬血帶回家蒸煮或是加湯成為豬血湯，在市集推出後大受歡迎。有的小吃攤直接加糯米並以豬血糕稱呼，有的則是稱為花生豬血糕，將蒸好的條狀豬血糕沾上醬油後，依照顧客的需求只加甜辣醬或辣醬，再加上厚重的花生粉及少量香菜，之後插上竹籤，直接拿在手上食用，",3
是臺灣夜市中不可或缺的小吃之一。,2
"﻿在我們那個時代，一個孩子最大的夢想，就是當棒球小國手，像郭源治、許金木……真是無人不知、無人不曉。
我的球棒是老爸送我的，這件事老祖母非常不能接受。她覺得一個父親再怎麼說，也不應該送給孩子玩樂工具。
老祖母常告訴我一些名人的故事，還買了文房四寶，要我寫字，做一個有用的人。不過，我的志向和祖母的期待並不相同。
我最大的希望是能參加比賽。可是我只是一個小小孩，大孩子多半不想讓我加入，",2
"那會削弱他們的實力。萬一人數不夠，或是被我苦苦哀求後上場，他們一定不准我揮棒。站在打擊位子上，不得揮棒，到底還能做什麼呢？你猜對了，等四壞球保送。再不然，觸身球保送也可以。總之，我的功用就是這樣，一旦我被球打到，人人都拍手叫好。
有時，我下定決心在兩好三壞之後，放手一揮，一旦揮棒落空，三振出局，比賽結束。前面兩個被三振的孩子和其他隊友，立刻異口同聲的說：「都是你害的。」反正我們球隊老是輸球，",2
"檢討到最後都說是我害的。
常常做夢，夢見自己擊出一支漂亮的全壘打，像「大力水手」吃了菠菜一樣，反敗為勝。然後，我慢慢的跑回本壘，接受所有人的歡呼。
我不斷的努力，相信終有一天，機會會來敲我的大門。",2
"臭豆腐
臭豆腐是一項流傳於全中國大陸及世界其他地方的豆腐發酵製品，但各地的製作方式及食用方法有相當大的差異。臺灣的臭豆腐是將醃漬好的豆腐，以高溫油炸至外皮酥脆，搭配口感酸甜的臺式泡菜食用。除了油炸臭豆腐外，臺灣近年很流行清蒸臭豆腐及麻辣臭豆腐。麻辣臭豆腐係將臭豆腐加入麻辣湯?，搭配上鴨血、酸菜、豬大腸等食材，又稱為「臭臭鍋」。清蒸臭豆腐是將氣味濃厚的臭豆腐與清淡爽口的湯底，",3
一起放入食器中以清蒸方式烹調，給饕客另一種較清爽口味的選擇。,3
"兒童節、清明節
兒童節
在西元1925年，來自世界54個不同國家的愛護兒童代表聚集在瑞士日內瓦舉行兒童幸福國際大會，會議中通過日內瓦保障兒童宣言，此後全世界的國家都有明定兒童節，每個國家各有不同時間，臺灣的兒童節明訂為每年的4月4日。
清明節
杜牧-清明
清明時節雨紛紛，路上行人欲斷魂。
借問酒家何處有，牧童遙指杏花村。
這是一首耳熟能詳的詩，描寫清明掃墓，慎終追遠，飲水思源的情景。",3
清明節掃墓祭祖不僅表現了慎終追遠，還有緬懷祖先、飲水思源之意。清明節的由來，相傳漢高祖劉邦和西楚霸王項羽，大戰好幾回合後，終於取得天下。他光榮返回故鄉的時候，想要到父母親的墳墓上去祭拜，因連年爭戰，讓祖墳崩壞破裂，無法辨認碑上的文字。劉邦非常的難過，尋找許久依舊沒找到父母的墳墓。最後，劉邦從衣袖裡拿出一張紙，用手撕成許多小碎片，緊緊捏在手上，然後向上蒼禱告說：「在天有靈，現在風刮得這麼大，,3
我將把這些小紙片，拋向空中，如果紙片落在一個地方，風都吹不動，就是父母的所在地。」當他把紙片向空中拋，果然有一片紙片落在一座墳墓上，不論風怎麼吹都吹不動，終於找到父母的墳墓，每年的清明節一定來此祭祖。爾後，民間百姓在清明節都會至祖先的墳墓祭拜，並且用小土塊壓幾張紙片在墳上，表示這座墳墓是有人祭掃的。,2
"﻿蘇西和喬安都是插畫家，她們合租一間頂樓當畫室。樓下住了一位生活窮困的老畫家，他一直想畫出一幅好的作品，但畫布和顏料都蒙上了一層灰，卻始終找不到好的題材。
冬天剛到，身體瘦弱的喬安不幸感染肺炎，躺在床上不停的咳。醫生表情沉重的對蘇西說：「她的病情十分危急，能不能撐過這一關，全靠她的求生意志了。」
蘇西聽了非常難過，但她連忙擦乾眼淚，細心的照料喬安。
喬安的病情一天比一天更加嚴重，",2
"她張著大大的眼睛望著窗外，發現不遠處有一株常春藤，張開掌狀的、深綠色的葉子，緊緊的貼著一面磚牆。冷風中，葉子穿過層層薄霧，一片片輕飄飄
的落在地上，常春藤上只剩下五片葉子了。
天氣愈來愈冷，喬安望著窗外感傷的說：「妳看！常春藤上的葉子只剩下三片了，當最後一片葉子掉下來的時候，我的生命也將結束了。」
「喬安，不要管窗外的落葉了，妳一定會好起來的。」蘇西強忍著淚水，不斷的鼓舞喬安。但她實在想不出來，",2
"還有什麼方法能幫助喬安度過難關。
蘇西需要靠作畫來賺錢過生活，請老畫家當模特兒時，說起喬安的病情，兩人都十分擔心。老畫家坐在椅子上一語不發，不久，臉上出現少見的光彩，他暗自做了一個重大的決定：「我會讓那片葉子留下來。」
風雨來臨的那一天，窗外強風呼呼的吹著。喬安臉色蒼白，有氣無力的說：「最後一片葉子一定會掉下來的！」
蘇西緊緊握著喬安的手，整晚陪伴在她身旁。隔天早上，風雨停了，蘇西一打開窗戶，",2
"驚喜的叫著：「喬安，妳看！常春藤上還留著最後一片葉子呢！」
那片葉子高高的掛在藤上，那麼翠綠，又那麼有活力。喬安看著它，臉上慢慢有了生氣。
在蘇西細心的照顧下，喬安的身體一天天好起來。這天，喬安看見房東找人把老畫家的破爛家具搬上車載走，準備把房間租給別人，才知道老畫家得了急性肺炎，幾天前已經去世了。
「窗外，最後一片葉子，為什麼沒有掉落，妳知道原因嗎？」蘇西難過的對喬安說：「是老畫家冒著風雨，",2
"爬上梯子，一筆一畫為妳畫上去的，他真的完成了一幅精彩的畫作……。」
蘇西的話還沒有說完，喬安早已淚流滿面。",2
"﻿很久以前，有個大畫家，名叫張僧繇。不管是花草、動物還是人像，他都畫得維妙維肖。
有間佛寺常常被屋梁上的野鳥留下鳥糞，和尚們都覺得很困擾。張僧繇在牆上畫了兩隻老鷹後，野鳥竟然嚇得不敢靠近。
有一次，張僧繇受邀到安樂寺畫龍，吸引許多人來參觀，大家都想見識他的本事。只見他直接在牆上揮動畫筆，沒多久，四條龍就畫好了。因為畫得十分逼真，大家都讚嘆不已。
站在牆前的老奶奶，被他畫的龍嚇著了，",2
"拉著孫子的手就要跑。小孫子指著龍說：「奶奶，這些龍都沒有眼珠子，是假的，別怕。」
聽到孩子這麼說，幾個大人追著畫家問：「為什麼不幫龍畫眼睛？」
張僧繇說：「一旦畫上眼珠子，龍就會飛走。」
有些人相信，有些人不信，吵鬧聲越來越大。張僧繇不得不拿起畫筆，給其中兩條龍點上眼珠。
突然間，原本晴朗的天空竟然烏雲密布、雷電交加，那兩條點了眼珠子的龍，奮力飛出牆壁，直上天際，一下子就消失得無影無蹤。",3
圍觀的人們目瞪口呆，久久無法回神，而牆面上只剩下兩條沒有畫眼珠子的龍。,3
自卑不是謙虛，卻與自負有著密切聯繫。它們兄弟二個誰先誰後很難說，比做孿生更貼切。自負的人做事不踏實，自以為是，總想壓倒別人，處處顯示自己。這種人看上去高傲自大，其實內中空虛，非常脆弱，一旦遇到挫折，便一蹶不振，自暴自棄。由於失去了滿足強烈自尊的市場，便很容易走入另一極端自卑。與謙虛者的大智若愚，不愛張揚相比，自卑的人一旦做出一點成績，便迫不及待的讓人知道，顯示自己的實力，滿足自己的自尊心，,3
這時的自卑急速的轉為自負。由於自卑者太在乎自己，太在乎別人對自己的評價，因此，容易受到外界影響而易做出不理智或偏激的決策。自卑者經不起失敗，一旦陷入困境，便進入了一個死亡性的惡性循環。越自卑，越沒有信心，越沒有信心，感到自己越無能，無能感越強烈，自卑感就更加死死地籠罩著他。這時，他看到的世界越來越小，小到只有他自己，到最後，只有消極的苟且偷安。說到底，自卑還是因為太在乎自己造成的。,3
難道人不需要在乎自己嗎？需要，但凡事不要過分。記得有一位老母親去參加聚會，在家裡選衣服，問兒子哪件更好看，兒子開始慢不經心的應付著，後來不耐煩了，說了一句：「媽，說真的，您穿哪件都一樣，沒有人會在意您。」事實是這樣的，想一想，世上的人，誰會特別在意別人的穿著呢？除非你的所做所為影響了他人，或善或惡，或同情或傷害，除此之外，還有什麼能真正的引起人的在意呢？不管自負或自卑，都是氣質中有危害的因素，,2
如果想改變，那就先把「自己」放下，去關心一下別人。當你真正的為他人著想的時候，才會受到別人由衷的尊敬和愛戴，到那時，你也不會在意別人說你什麼了，因為你已經跳出了個人的小圈子，你已經能夠理智的，按照你的原則去做事了。,2
美麗的花兒賞心悅目，人見人愛。自古以來，它們總是騷人墨客謳歌的對象。我愛淡雅、清香的花，尤其對桂花情有獨鍾。它的香味溫和內斂，深吸一口沁入心脾的是喜悅的泉源、開闊的心情，彷彿對我訴說著世界的美好。過了農曆八月桂花綻放的季節，三樓陽台上的桂花開得稀稀疏疏。零落的花朵雖然不再燦爛，空氣中依然飄散著淡淡花香，每天我總不忘與桂花來個早晨的約會，以快樂的心情迎接充滿希望的一天。今早運動回來，漫步到巷口，,3
只聞得花香陣陣，竟是我最喜歡的桂花，頓時讓我驚喜萬分。這麼濃郁的香氣，應該不只一、二棵吧，原來是游伯伯家的桂花樹耐不住好奇心，大夥兒正努力探首牆外世界呢。揮別了繁花錦簇的生氣蓬勃，繽紛的落英如秋詩篇篇，季節更迭的美景在游伯伯整潔偌大的庭園裡竟可窺見一斑—一盆盆的樹木、花兒排放得井然有序，九重葛花蔓兒盤繞成的紫紅色拱門和修剪得整齊劃一的籬垣，真是美麗極了。不必擔心九重葛的荊棘會刺著路人，,3
因為游伯伯會隨時修剪，不讓其枝蔓橫生。我總愛在清晨或夜晚循著社區小路散步。漫步一畦畦田園阡陌，經過玲瓏的攝影工作室、小巧的家庭裁縫店、家庭美髮院，再繞個彎，香味迎面撲鼻而來，那就是巷口游伯伯美麗的住家。每次路過游伯伯的家，我的內心總是充滿感激。感謝伯伯的用心，讓我能夠在詩意濃濃的初秋邂逅十月桂花香。,3
認識一對年老的夫婦，他們共同相處了將近半個世紀。每當看見他們，我總不免在心裡暗想：他們相處了這麼久，會不會沒有話說了呢？他們每天面對面，彼此會不會看膩了呢？然而，看他們談笑風生，看他們相扶相持地在人行道上散步，我便發現自己想的很傻。維繫夫婦之間的感情有什麼秘訣嗎？老先生告訴我一個驚人的秘密——偶爾不妨說一點小謊言。當太太喜孜孜地試穿一件粉紅色的旗袍，問你這種顏色是否太年輕了？你看看她多皺的臉孔，,2
再看看那鮮嫩的粉紅色，可千萬別說：妳的確太老了，給我們女兒穿還差不多！說句違心的話吧：這顏色很年輕，不過妳也不老呀！效果一定良好。先生偶爾應酬遲歸，妻子的焦慮和多疑總是難免的。當門鈴響時，妳如果叉著腰，興師問罪地吼著：你究竟到哪兒去了？還想到回家啊？很可能便引來一場爭吵風波，瓷器和杯子也要遭殃了，想一想，這是多麼不聰明呢？換張臉孔、換種口氣說：謝天謝地，我的老爺，你可回來了！那麼，,2
保證不用妳再追問，他便會老老實實地說出遲歸的原因了。有時，這些善意的謊言，一旦被拆穿了之後，還會帶來更多的樂趣呢！老先生說。接著，他告訴我一件有趣的事，當他與老太太都還年輕的時候，每當茶餘飯後，老太太常會自編自唱地哼起歌來。他說：說老實話，那歌唱得真不好聽，可是每次我都假裝聽得津津有味。有一天，老太太突然問：奇怪，怎麼從來沒人說我唱得好聽，除了你這個唯一的忠實聽眾。於是，他們相顧大笑不已。,2
善意的謊言也是一種藝術，但是，別忘了，只有在善意的原則下，才可說一點小謊言。,2
